{
  "name": "cldr-core",
  "version": "27.0.0",
  "main": [
    "availableLocales.json",
    "supplemental/*.json"
  ],
  "ignore": [
    ".gitattributes",
    "README.md"
  ],
  "homepage": "https://github.com/unicode-cldr/cldr-core",
  "_release": "27.0.0",
  "_resolution": {
    "type": "version",
    "tag": "27.0.0",
    "commit": "01ede703d887326a78dd28f6a35a4ceb3a128490"
  },
  "_source": "git://github.com/unicode-cldr/cldr-core.git",
  "_target": "~27.0.0",
  "_originalSource": "cldr-core",
  "_direct": true
}