{
  "main": {
    "it": {
      "identity": {
        "version": {
          "_cldrVersion": "27",
          "_number": "$Revision: 11306 $"
        },
        "generation": {
          "_date": "$Date: 2015-02-24 13:34:05 -0600 (Tue, 24 Feb 2015) $"
        },
        "language": "it"
      },
      "numbers": {
        "defaultNumberingSystem": "latn",
        "otherNumberingSystems": {
          "native": "latn"
        },
        "minimumGroupingDigits": "1",
        "symbols-numberSystem-latn": {
          "decimal": ",",
          "group": ".",
          "list": ";",
          "percentSign": "%",
          "plusSign": "+",
          "minusSign": "-",
          "exponential": "E",
          "superscriptingExponent": "×",
          "perMille": "‰",
          "infinity": "∞",
          "nan": "NaN",
          "timeSeparator": ":"
        },
        "decimalFormats-numberSystem-latn": {
          "standard": "#,##0.###",
          "long": {
            "decimalFormat": {
              "1000-count-one": "0 mille",
              "1000-count-other": "0 mila",
              "10000-count-one": "00 mila",
              "10000-count-other": "00 mila",
              "100000-count-one": "000 mila",
              "100000-count-other": "000 mila",
              "1000000-count-one": "0 milione",
              "1000000-count-other": "0 milioni",
              "10000000-count-one": "00 milioni",
              "10000000-count-other": "00 milioni",
              "100000000-count-one": "000 milioni",
              "100000000-count-other": "000 milioni",
              "1000000000-count-one": "0 miliardo",
              "1000000000-count-other": "0 miliardi",
              "10000000000-count-one": "00 miliardi",
              "10000000000-count-other": "00 miliardi",
              "100000000000-count-one": "000 miliardi",
              "100000000000-count-other": "000 miliardi",
              "1000000000000-count-one": "0 mille di miliardi",
              "1000000000000-count-other": "0 mila di miliardi",
              "10000000000000-count-one": "00 mila di miliardi",
              "10000000000000-count-other": "00 mila di miliardi",
              "100000000000000-count-one": "000 mila di miliardi",
              "100000000000000-count-other": "000 mila di miliardi"
            }
          },
          "short": {
            "decimalFormat": {
              "1000-count-one": "0",
              "1000-count-other": "0",
              "10000-count-one": "0",
              "10000-count-other": "0",
              "100000-count-one": "0",
              "100000-count-other": "0",
              "1000000-count-one": "0 Mln",
              "1000000-count-other": "0 Mln",
              "10000000-count-one": "00 Mln",
              "10000000-count-other": "00 Mln",
              "100000000-count-one": "000 Mln",
              "100000000-count-other": "000 Mln",
              "1000000000-count-one": "0 Mld",
              "1000000000-count-other": "0 Mld",
              "10000000000-count-one": "00 Mld",
              "10000000000-count-other": "00 Mld",
              "100000000000-count-one": "000 Mld",
              "100000000000-count-other": "000 Mld",
              "1000000000000-count-one": "0 Bln",
              "1000000000000-count-other": "0 Bln",
              "10000000000000-count-one": "00 Bln",
              "10000000000000-count-other": "00 Bln",
              "100000000000000-count-one": "000 Bln",
              "100000000000000-count-other": "000 Bln"
            }
          }
        },
        "scientificFormats-numberSystem-latn": {
          "standard": "#E0"
        },
        "percentFormats-numberSystem-latn": {
          "standard": "#,##0%"
        },
        "currencyFormats-numberSystem-latn": {
          "currencySpacing": {
            "beforeCurrency": {
              "currencyMatch": "[:^S:]",
              "surroundingMatch": "[:digit:]",
              "insertBetween": " "
            },
            "afterCurrency": {
              "currencyMatch": "[:^S:]",
              "surroundingMatch": "[:digit:]",
              "insertBetween": " "
            }
          },
          "accounting": "#,##0.00 ¤",
          "standard": "#,##0.00 ¤",
          "unitPattern-count-one": "{0} {1}",
          "unitPattern-count-other": "{0} {1}"
        },
        "miscPatterns-numberSystem-latn": {
          "atLeast": "⩾{0}",
          "range": "{0}-{1}"
        }
      }
    }
  }
}
