{
  "supplemental": {
    "version": {
      "_unicodeVersion": "7.0.0",
      "_number": "$Revision: 11318 $"
    },
    "generation": {
      "_date": "$Date: 2015-02-25 23:47:56 -0600 (Wed, 25 Feb 2015) $"
    },
    "languageData": {
      "aa": {
        "_scripts": [
          "Latn"
        ]
      },
      "aa-alt-secondary": {
        "_territories": [
          "DJ",
          "ET"
        ]
      },
      "ab": {
        "_scripts": [
          "Cyrl"
        ]
      },
      "ab-alt-secondary": {
        "_territories": [
          "GE"
        ]
      },
      "abq": {
        "_scripts": [
          "Cyrl"
        ]
      },
      "abr": {
        "_scripts": [
          "Latn"
        ]
      },
      "abr-alt-secondary": {
        "_territories": [
          "GH"
        ]
      },
      "ace": {
        "_scripts": [
          "Latn"
        ]
      },
      "ace-alt-secondary": {
        "_territories": [
          "ID"
        ]
      },
      "ach": {
        "_scripts": [
          "Latn"
        ]
      },
      "ach-alt-secondary": {
        "_territories": [
          "UG"
        ]
      },
      "ada": {
        "_scripts": [
          "Latn"
        ]
      },
      "ady": {
        "_scripts": [
          "Cyrl"
        ]
      },
      "ady-alt-secondary": {
        "_territories": [
          "RU"
        ]
      },
      "ae-alt-secondary": {
        "_scripts": [
          "Avst"
        ]
      },
      "aeb": {
        "_scripts": [
          "Arab"
        ]
      },
      "aeb-alt-secondary": {
        "_territories": [
          "TN"
        ]
      },
      "af": {
        "_scripts": [
          "Latn"
        ]
      },
      "af-alt-secondary": {
        "_territories": [
          "NA",
          "ZA"
        ]
      },
      "agq": {
        "_scripts": [
          "Latn"
        ]
      },
      "aii": {
        "_scripts": [
          "Cyrl"
        ]
      },
      "aii-alt-secondary": {
        "_scripts": [
          "Syrc"
        ]
      },
      "ain-alt-secondary": {
        "_scripts": [
          "Kana",
          "Latn"
        ]
      },
      "ak": {
        "_scripts": [
          "Latn"
        ]
      },
      "ak-alt-secondary": {
        "_territories": [
          "GH"
        ]
      },
      "akk-alt-secondary": {
        "_scripts": [
          "Xsux"
        ]
      },
      "akz": {
        "_scripts": [
          "Latn"
        ]
      },
      "ale": {
        "_scripts": [
          "Latn"
        ]
      },
      "aln": {
        "_scripts": [
          "Latn"
        ]
      },
      "aln-alt-secondary": {
        "_territories": [
          "XK"
        ]
      },
      "alt": {
        "_scripts": [
          "Cyrl"
        ]
      },
      "am": {
        "_scripts": [
          "Ethi"
        ],
        "_territories": [
          "ET"
        ]
      },
      "amo": {
        "_scripts": [
          "Latn"
        ]
      },
      "an": {
        "_scripts": [
          "Latn"
        ]
      },
      "ang-alt-secondary": {
        "_scripts": [
          "Latn"
        ]
      },
      "anp": {
        "_scripts": [
          "Deva"
        ]
      },
      "aoz": {
        "_scripts": [
          "Latn"
        ]
      },
      "ar": {
        "_scripts": [
          "Arab"
        ],
        "_territories": [
          "AE",
          "BH",
          "DJ",
          "DZ",
          "EG",
          "EH",
          "ER",
          "IL",
          "IQ",
          "JO",
          "KM",
          "KW",
          "LB",
          "LY",
          "MA",
          "MR",
          "OM",
          "PS",
          "QA",
          "SA",
          "SD",
          "SO",
          "SY",
          "TD",
          "TN",
          "YE"
        ]
      },
      "ar-alt-secondary": {
        "_scripts": [
          "Syrc"
        ],
        "_territories": [
          "IR",
          "SS"
        ]
      },
      "arc-alt-secondary": {
        "_scripts": [
          "Armi",
          "Nbat",
          "Palm"
        ]
      },
      "arn": {
        "_scripts": [
          "Latn"
        ]
      },
      "aro": {
        "_scripts": [
          "Latn"
        ]
      },
      "arp": {
        "_scripts": [
          "Latn"
        ]
      },
      "arq": {
        "_scripts": [
          "Arab"
        ]
      },
      "arq-alt-secondary": {
        "_territories": [
          "DZ"
        ]
      },
      "arw-alt-secondary": {
        "_scripts": [
          "Latn"
        ]
      },
      "ary": {
        "_scripts": [
          "Arab"
        ]
      },
      "ary-alt-secondary": {
        "_territories": [
          "MA"
        ]
      },
      "arz": {
        "_scripts": [
          "Arab"
        ]
      },
      "arz-alt-secondary": {
        "_territories": [
          "EG"
        ]
      },
      "as": {
        "_scripts": [
          "Beng"
        ]
      },
      "as-alt-secondary": {
        "_territories": [
          "IN"
        ]
      },
      "asa": {
        "_scripts": [
          "Latn"
        ]
      },
      "ast": {
        "_scripts": [
          "Latn"
        ]
      },
      "ast-alt-secondary": {
        "_territories": [
          "ES"
        ]
      },
      "atj": {
        "_scripts": [
          "Latn"
        ]
      },
      "av": {
        "_scripts": [
          "Cyrl"
        ]
      },
      "av-alt-secondary": {
        "_territories": [
          "RU"
        ]
      },
      "avk-alt-secondary": {
        "_scripts": [
          "Latn"
        ]
      },
      "awa": {
        "_scripts": [
          "Deva"
        ]
      },
      "awa-alt-secondary": {
        "_territories": [
          "IN"
        ]
      },
      "ay": {
        "_scripts": [
          "Latn"
        ],
        "_territories": [
          "BO"
        ]
      },
      "az": {
        "_scripts": [
          "Arab",
          "Cyrl",
          "Latn"
        ],
        "_territories": [
          "AZ"
        ]
      },
      "az-alt-secondary": {
        "_territories": [
          "IR",
          "RU"
        ]
      },
      "azb": {
        "_scripts": [
          "Arab"
        ]
      },
      "azb-alt-secondary": {
        "_territories": [
          "IR"
        ]
      },
      "ba": {
        "_scripts": [
          "Cyrl"
        ]
      },
      "ba-alt-secondary": {
        "_territories": [
          "RU"
        ]
      },
      "bal": {
        "_scripts": [
          "Arab"
        ]
      },
      "bal-alt-secondary": {
        "_scripts": [
          "Latn"
        ],
        "_territories": [
          "AF",
          "IR",
          "PK"
        ]
      },
      "ban": {
        "_scripts": [
          "Latn"
        ]
      },
      "ban-alt-secondary": {
        "_scripts": [
          "Bali"
        ],
        "_territories": [
          "ID"
        ]
      },
      "bap": {
        "_scripts": [
          "Deva"
        ]
      },
      "bar": {
        "_scripts": [
          "Latn"
        ]
      },
      "bar-alt-secondary": {
        "_territories": [
          "AT"
        ]
      },
      "bas": {
        "_scripts": [
          "Latn"
        ]
      },
      "bax": {
        "_scripts": [
          "Bamu"
        ]
      },
      "bbc": {
        "_scripts": [
          "Latn"
        ]
      },
      "bbc-alt-secondary": {
        "_scripts": [
          "Batk"
        ],
        "_territories": [
          "ID"
        ]
      },
      "bbj": {
        "_scripts": [
          "Latn"
        ]
      },
      "bci": {
        "_scripts": [
          "Latn"
        ]
      },
      "bci-alt-secondary": {
        "_territories": [
          "CI"
        ]
      },
      "be": {
        "_scripts": [
          "Cyrl"
        ],
        "_territories": [
          "BY"
        ]
      },
      "bej": {
        "_scripts": [
          "Arab"
        ]
      },
      "bem": {
        "_scripts": [
          "Latn"
        ]
      },
      "bem-alt-secondary": {
        "_territories": [
          "ZM"
        ]
      },
      "bew": {
        "_scripts": [
          "Latn"
        ]
      },
      "bew-alt-secondary": {
        "_territories": [
          "ID"
        ]
      },
      "bez": {
        "_scripts": [
          "Latn"
        ]
      },
      "bfd": {
        "_scripts": [
          "Latn"
        ]
      },
      "bfq": {
        "_scripts": [
          "Taml"
        ]
      },
      "bft": {
        "_scripts": [
          "Arab"
        ]
      },
      "bft-alt-secondary": {
        "_scripts": [
          "Tibt"
        ]
      },
      "bfy": {
        "_scripts": [
          "Deva"
        ]
      },
      "bg": {
        "_scripts": [
          "Cyrl"
        ],
        "_territories": [
          "BG"
        ]
      },
      "bgc": {
        "_scripts": [
          "Deva"
        ]
      },
      "bgc-alt-secondary": {
        "_territories": [
          "IN"
        ]
      },
      "bgx": {
        "_scripts": [
          "Grek"
        ]
      },
      "bhb": {
        "_scripts": [
          "Deva"
        ]
      },
      "bhb-alt-secondary": {
        "_territories": [
          "IN"
        ]
      },
      "bhi": {
        "_scripts": [
          "Deva"
        ]
      },
      "bhi-alt-secondary": {
        "_territories": [
          "IN"
        ]
      },
      "bhk": {
        "_scripts": [
          "Latn"
        ]
      },
      "bhk-alt-secondary": {
        "_territories": [
          "PH"
        ]
      },
      "bho": {
        "_scripts": [
          "Deva"
        ]
      },
      "bho-alt-secondary": {
        "_territories": [
          "IN",
          "MU",
          "NP"
        ]
      },
      "bi": {
        "_scripts": [
          "Latn"
        ],
        "_territories": [
          "VU"
        ]
      },
      "bik": {
        "_scripts": [
          "Latn"
        ]
      },
      "bik-alt-secondary": {
        "_territories": [
          "PH"
        ]
      },
      "bin": {
        "_scripts": [
          "Latn"
        ]
      },
      "bin-alt-secondary": {
        "_territories": [
          "NG"
        ]
      },
      "bjj": {
        "_scripts": [
          "Deva"
        ]
      },
      "bjj-alt-secondary": {
        "_territories": [
          "IN"
        ]
      },
      "bjn": {
        "_scripts": [
          "Latn"
        ]
      },
      "bjn-alt-secondary": {
        "_territories": [
          "ID"
        ]
      },
      "bkm": {
        "_scripts": [
          "Latn"
        ]
      },
      "bku": {
        "_scripts": [
          "Latn"
        ]
      },
      "bku-alt-secondary": {
        "_scripts": [
          "Buhd"
        ]
      },
      "bla": {
        "_scripts": [
          "Latn"
        ]
      },
      "blt": {
        "_scripts": [
          "Tavt"
        ]
      },
      "bm": {
        "_scripts": [
          "Latn",
          "Nkoo"
        ]
      },
      "bm-alt-secondary": {
        "_territories": [
          "ML"
        ]
      },
      "bmq": {
        "_scripts": [
          "Latn"
        ]
      },
      "bn": {
        "_scripts": [
          "Beng"
        ],
        "_territories": [
          "BD"
        ]
      },
      "bn-alt-secondary": {
        "_territories": [
          "IN"
        ]
      },
      "bo": {
        "_scripts": [
          "Tibt"
        ]
      },
      "bo-alt-secondary": {
        "_territories": [
          "CN"
        ]
      },
      "bpy": {
        "_scripts": [
          "Beng"
        ]
      },
      "bqi": {
        "_scripts": [
          "Arab"
        ]
      },
      "bqi-alt-secondary": {
        "_territories": [
          "IR"
        ]
      },
      "bqv": {
        "_scripts": [
          "Latn"
        ]
      },
      "br": {
        "_scripts": [
          "Latn"
        ]
      },
      "bra": {
        "_scripts": [
          "Deva"
        ]
      },
      "brh": {
        "_scripts": [
          "Arab"
        ]
      },
      "brh-alt-secondary": {
        "_scripts": [
          "Latn"
        ],
        "_territories": [
          "PK"
        ]
      },
      "brx": {
        "_scripts": [
          "Deva"
        ]
      },
      "brx-alt-secondary": {
        "_territories": [
          "IN"
        ]
      },
      "bs": {
        "_scripts": [
          "Cyrl",
          "Latn"
        ],
        "_territories": [
          "BA"
        ]
      },
      "bss": {
        "_scripts": [
          "Latn"
        ]
      },
      "bto": {
        "_scripts": [
          "Latn"
        ]
      },
      "btv": {
        "_scripts": [
          "Deva"
        ]
      },
      "bua": {
        "_scripts": [
          "Cyrl"
        ]
      },
      "buc": {
        "_scripts": [
          "Latn"
        ]
      },
      "buc-alt-secondary": {
        "_territories": [
          "YT"
        ]
      },
      "bug": {
        "_scripts": [
          "Latn"
        ]
      },
      "bug-alt-secondary": {
        "_scripts": [
          "Bugi"
        ],
        "_territories": [
          "ID"
        ]
      },
      "bum": {
        "_scripts": [
          "Latn"
        ]
      },
      "bum-alt-secondary": {
        "_territories": [
          "CM"
        ]
      },
      "bvb": {
        "_scripts": [
          "Latn"
        ]
      },
      "byn": {
        "_scripts": [
          "Ethi"
        ]
      },
      "byv": {
        "_scripts": [
          "Latn"
        ]
      },
      "bze": {
        "_scripts": [
          "Latn"
        ]
      },
      "bzx": {
        "_scripts": [
          "Latn"
        ]
      },
      "ca": {
        "_scripts": [
          "Latn"
        ],
        "_territories": [
          "AD"
        ]
      },
      "ca-alt-secondary": {
        "_territories": [
          "ES"
        ]
      },
      "cad": {
        "_scripts": [
          "Latn"
        ]
      },
      "car": {
        "_scripts": [
          "Latn"
        ]
      },
      "cay": {
        "_scripts": [
          "Latn"
        ]
      },
      "cch": {
        "_scripts": [
          "Latn"
        ]
      },
      "ccp": {
        "_scripts": [
          "Beng"
        ]
      },
      "ccp-alt-secondary": {
        "_scripts": [
          "Cakm"
        ]
      },
      "ce": {
        "_scripts": [
          "Cyrl"
        ]
      },
      "ce-alt-secondary": {
        "_territories": [
          "RU"
        ]
      },
      "ceb": {
        "_scripts": [
          "Latn"
        ]
      },
      "ceb-alt-secondary": {
        "_territories": [
          "PH"
        ]
      },
      "cgg": {
        "_scripts": [
          "Latn"
        ]
      },
      "cgg-alt-secondary": {
        "_territories": [
          "UG"
        ]
      },
      "ch": {
        "_scripts": [
          "Latn"
        ],
        "_territories": [
          "GU"
        ]
      },
      "chk": {
        "_scripts": [
          "Latn"
        ]
      },
      "chk-alt-secondary": {
        "_territories": [
          "FM"
        ]
      },
      "chm": {
        "_scripts": [
          "Cyrl"
        ]
      },
      "chn-alt-secondary": {
        "_scripts": [
          "Latn"
        ]
      },
      "cho": {
        "_scripts": [
          "Latn"
        ]
      },
      "chp": {
        "_scripts": [
          "Latn"
        ]
      },
      "chp-alt-secondary": {
        "_scripts": [
          "Cans"
        ]
      },
      "chr": {
        "_scripts": [
          "Cher"
        ]
      },
      "chy": {
        "_scripts": [
          "Latn"
        ]
      },
      "cja": {
        "_scripts": [
          "Arab"
        ]
      },
      "cja-alt-secondary": {
        "_scripts": [
          "Cham"
        ]
      },
      "cjm": {
        "_scripts": [
          "Cham"
        ]
      },
      "cjm-alt-secondary": {
        "_scripts": [
          "Arab"
        ]
      },
      "cjs": {
        "_scripts": [
          "Cyrl"
        ]
      },
      "ckb": {
        "_scripts": [
          "Arab"
        ]
      },
      "ckb-alt-secondary": {
        "_territories": [
          "IQ",
          "IR"
        ]
      },
      "ckt": {
        "_scripts": [
          "Cyrl"
        ]
      },
      "co": {
        "_scripts": [
          "Latn"
        ]
      },
      "cop-alt-secondary": {
        "_scripts": [
          "Arab",
          "Copt",
          "Grek"
        ]
      },
      "cps": {
        "_scripts": [
          "Latn"
        ]
      },
      "cr": {
        "_scripts": [
          "Cans",
          "Latn"
        ]
      },
      "crh": {
        "_scripts": [
          "Cyrl"
        ]
      },
      "crj": {
        "_scripts": [
          "Cans"
        ]
      },
      "crj-alt-secondary": {
        "_scripts": [
          "Latn"
        ]
      },
      "crk": {
        "_scripts": [
          "Cans"
        ]
      },
      "crl": {
        "_scripts": [
          "Cans"
        ]
      },
      "crl-alt-secondary": {
        "_scripts": [
          "Latn"
        ]
      },
      "crm": {
        "_scripts": [
          "Cans"
        ]
      },
      "crs": {
        "_scripts": [
          "Latn"
        ]
      },
      "crs-alt-secondary": {
        "_territories": [
          "SC"
        ]
      },
      "cs": {
        "_scripts": [
          "Latn"
        ],
        "_territories": [
          "CZ"
        ]
      },
      "csb-alt-secondary": {
        "_scripts": [
          "Latn"
        ],
        "_territories": [
          "PL"
        ]
      },
      "csw": {
        "_scripts": [
          "Cans"
        ]
      },
      "ctd": {
        "_scripts": [
          "Latn"
        ]
      },
      "cu-alt-secondary": {
        "_scripts": [
          "Cyrl"
        ]
      },
      "cv": {
        "_scripts": [
          "Cyrl"
        ]
      },
      "cv-alt-secondary": {
        "_territories": [
          "RU"
        ]
      },
      "cy": {
        "_scripts": [
          "Latn"
        ]
      },
      "cy-alt-secondary": {
        "_territories": [
          "GB"
        ]
      },
      "da": {
        "_scripts": [
          "Latn"
        ],
        "_territories": [
          "DK"
        ]
      },
      "da-alt-secondary": {
        "_territories": [
          "DE"
        ]
      },
      "dak": {
        "_scripts": [
          "Latn"
        ]
      },
      "dar": {
        "_scripts": [
          "Cyrl"
        ]
      },
      "dav": {
        "_scripts": [
          "Latn"
        ]
      },
      "dcc": {
        "_scripts": [
          "Arab"
        ]
      },
      "dcc-alt-secondary": {
        "_territories": [
          "IN"
        ]
      },
      "de": {
        "_scripts": [
          "Latn"
        ],
        "_territories": [
          "AT",
          "BE",
          "CH",
          "DE",
          "LI",
          "LU"
        ]
      },
      "de-alt-secondary": {
        "_scripts": [
          "Runr"
        ],
        "_territories": [
          "BR",
          "DK",
          "KZ",
          "PL",
          "US"
        ]
      },
      "del": {
        "_scripts": [
          "Latn"
        ]
      },
      "den": {
        "_scripts": [
          "Latn"
        ]
      },
      "den-alt-secondary": {
        "_scripts": [
          "Cans"
        ]
      },
      "dgr": {
        "_scripts": [
          "Latn"
        ]
      },
      "din": {
        "_scripts": [
          "Latn"
        ]
      },
      "dje": {
        "_scripts": [
          "Latn"
        ]
      },
      "dje-alt-secondary": {
        "_territories": [
          "NE"
        ]
      },
      "dng": {
        "_scripts": [
          "Cyrl"
        ]
      },
      "dnj": {
        "_scripts": [
          "Latn"
        ]
      },
      "doi": {
        "_scripts": [
          "Arab"
        ]
      },
      "doi-alt-secondary": {
        "_scripts": [
          "Takr"
        ],
        "_territories": [
          "IN"
        ]
      },
      "dsb": {
        "_scripts": [
          "Latn"
        ]
      },
      "dtm": {
        "_scripts": [
          "Latn"
        ]
      },
      "dtp": {
        "_scripts": [
          "Latn"
        ]
      },
      "dua": {
        "_scripts": [
          "Latn"
        ]
      },
      "dum-alt-secondary": {
        "_scripts": [
          "Latn"
        ]
      },
      "dv": {
        "_scripts": [
          "Thaa"
        ],
        "_territories": [
          "MV"
        ]
      },
      "dyo": {
        "_scripts": [
          "Latn"
        ]
      },
      "dyo-alt-secondary": {
        "_scripts": [
          "Arab"
        ]
      },
      "dyu": {
        "_scripts": [
          "Latn"
        ]
      },
      "dyu-alt-secondary": {
        "_territories": [
          "BF"
        ]
      },
      "dz": {
        "_scripts": [
          "Tibt"
        ],
        "_territories": [
          "BT"
        ]
      },
      "ebu": {
        "_scripts": [
          "Latn"
        ]
      },
      "ee": {
        "_scripts": [
          "Latn"
        ]
      },
      "ee-alt-secondary": {
        "_territories": [
          "GH",
          "TG"
        ]
      },
      "efi": {
        "_scripts": [
          "Latn"
        ]
      },
      "efi-alt-secondary": {
        "_territories": [
          "NG"
        ]
      },
      "egl": {
        "_scripts": [
          "Latn"
        ]
      },
      "egy-alt-secondary": {
        "_scripts": [
          "Egyp"
        ]
      },
      "eka": {
        "_scripts": [
          "Latn"
        ]
      },
      "eky": {
        "_scripts": [
          "Kali"
        ]
      },
      "el": {
        "_scripts": [
          "Grek"
        ],
        "_territories": [
          "CY",
          "GR"
        ]
      },
      "en": {
        "_scripts": [
          "Latn"
        ],
        "_territories": [
          "AG",
          "AI",
          "AS",
          "AU",
          "BB",
          "BM",
          "BS",
          "BW",
          "BZ",
          "CA",
          "CC",
          "CK",
          "CM",
          "CX",
          "DG",
          "DM",
          "ER",
          "FJ",
          "FK",
          "FM",
          "GB",
          "GD",
          "GG",
          "GH",
          "GI",
          "GM",
          "GU",
          "GY",
          "HK",
          "IE",
          "IM",
          "IN",
          "IO",
          "JE",
          "JM",
          "KE",
          "KI",
          "KN",
          "KY",
          "LC",
          "LR",
          "LS",
          "MG",
          "MH",
          "MP",
          "MS",
          "MT",
          "MU",
          "MW",
          "NA",
          "NF",
          "NG",
          "NR",
          "NU",
          "NZ",
          "PG",
          "PH",
          "PK",
          "PN",
          "PR",
          "PW",
          "RW",
          "SB",
          "SC",
          "SD",
          "SG",
          "SH",
          "SL",
          "SS",
          "SX",
          "SZ",
          "TC",
          "TK",
          "TO",
          "TT",
          "TV",
          "TZ",
          "UG",
          "UM",
          "US",
          "VC",
          "VG",
          "VI",
          "VU",
          "WS",
          "ZA",
          "ZM",
          "ZW"
        ]
      },
      "en-alt-secondary": {
        "_scripts": [
          "Dsrt",
          "Shaw"
        ],
        "_territories": [
          "AC",
          "AR",
          "AT",
          "BA",
          "BD",
          "BE",
          "BG",
          "BR",
          "CH",
          "CL",
          "CY",
          "CZ",
          "DE",
          "DK",
          "DZ",
          "EG",
          "ES",
          "ET",
          "FI",
          "FR",
          "GR",
          "HR",
          "HU",
          "IL",
          "IQ",
          "IT",
          "JO",
          "KZ",
          "LB",
          "LK",
          "LT",
          "MA",
          "MX",
          "MY",
          "NL",
          "PL",
          "PT",
          "RO",
          "SE",
          "SI",
          "SK",
          "TA",
          "TH",
          "TR",
          "YE"
        ]
      },
      "enm-alt-secondary": {
        "_scripts": [
          "Latn"
        ]
      },
      "eo": {
        "_scripts": [
          "Latn"
        ]
      },
      "es": {
        "_scripts": [
          "Latn"
        ],
        "_territories": [
          "AR",
          "BO",
          "CL",
          "CO",
          "CR",
          "CU",
          "DO",
          "EA",
          "EC",
          "ES",
          "GQ",
          "GT",
          "HN",
          "IC",
          "MX",
          "NI",
          "PA",
          "PE",
          "PR",
          "PY",
          "SV",
          "UY",
          "VE"
        ]
      },
      "es-alt-secondary": {
        "_territories": [
          "AD",
          "BZ",
          "DE",
          "PH",
          "US"
        ]
      },
      "esu": {
        "_scripts": [
          "Latn"
        ]
      },
      "et": {
        "_scripts": [
          "Latn"
        ],
        "_territories": [
          "EE"
        ]
      },
      "ett-alt-secondary": {
        "_scripts": [
          "Ital",
          "Latn"
        ]
      },
      "eu": {
        "_scripts": [
          "Latn"
        ]
      },
      "eu-alt-secondary": {
        "_territories": [
          "ES"
        ]
      },
      "evn": {
        "_scripts": [
          "Cyrl"
        ]
      },
      "ewo": {
        "_scripts": [
          "Latn"
        ]
      },
      "ext": {
        "_scripts": [
          "Latn"
        ]
      },
      "fa": {
        "_scripts": [
          "Arab"
        ],
        "_territories": [
          "AF",
          "IR"
        ]
      },
      "fa-alt-secondary": {
        "_territories": [
          "PK"
        ]
      },
      "fan": {
        "_scripts": [
          "Latn"
        ]
      },
      "fan-alt-secondary": {
        "_territories": [
          "GQ"
        ]
      },
      "ff": {
        "_scripts": [
          "Latn"
        ]
      },
      "ff-alt-secondary": {
        "_territories": [
          "GN",
          "SN"
        ]
      },
      "ffm": {
        "_scripts": [
          "Latn"
        ]
      },
      "ffm-alt-secondary": {
        "_territories": [
          "ML"
        ]
      },
      "fi": {
        "_scripts": [
          "Latn"
        ],
        "_territories": [
          "FI"
        ]
      },
      "fi-alt-secondary": {
        "_territories": [
          "SE"
        ]
      },
      "fil": {
        "_scripts": [
          "Latn"
        ],
        "_territories": [
          "PH"
        ]
      },
      "fil-alt-secondary": {
        "_scripts": [
          "Tglg"
        ],
        "_territories": [
          "US"
        ]
      },
      "fit": {
        "_scripts": [
          "Latn"
        ]
      },
      "fj": {
        "_scripts": [
          "Latn"
        ],
        "_territories": [
          "FJ"
        ]
      },
      "fo": {
        "_scripts": [
          "Latn"
        ],
        "_territories": [
          "FO"
        ]
      },
      "fon": {
        "_scripts": [
          "Latn"
        ]
      },
      "fon-alt-secondary": {
        "_territories": [
          "BJ"
        ]
      },
      "fr": {
        "_scripts": [
          "Latn"
        ],
        "_territories": [
          "BE",
          "BF",
          "BI",
          "BJ",
          "BL",
          "CA",
          "CD",
          "CF",
          "CG",
          "CH",
          "CI",
          "CM",
          "DJ",
          "DZ",
          "FR",
          "GA",
          "GF",
          "GN",
          "GP",
          "GQ",
          "HT",
          "KM",
          "LU",
          "MA",
          "MC",
          "MF",
          "MG",
          "ML",
          "MQ",
          "MU",
          "NC",
          "NE",
          "PF",
          "PM",
          "RE",
          "RW",
          "SC",
          "SN",
          "SY",
          "TD",
          "TG",
          "TN",
          "VU",
          "WF",
          "YT"
        ]
      },
      "fr-alt-secondary": {
        "_scripts": [
          "Dupl"
        ],
        "_territories": [
          "DE",
          "IT",
          "TF",
          "US"
        ]
      },
      "frc": {
        "_scripts": [
          "Latn"
        ]
      },
      "frm-alt-secondary": {
        "_scripts": [
          "Latn"
        ]
      },
      "fro-alt-secondary": {
        "_scripts": [
          "Latn"
        ]
      },
      "frp": {
        "_scripts": [
          "Latn"
        ]
      },
      "frr": {
        "_scripts": [
          "Latn"
        ]
      },
      "frs": {
        "_scripts": [
          "Latn"
        ]
      },
      "fud": {
        "_scripts": [
          "Latn"
        ]
      },
      "fud-alt-secondary": {
        "_territories": [
          "WF"
        ]
      },
      "fuq": {
        "_scripts": [
          "Latn"
        ]
      },
      "fuq-alt-secondary": {
        "_territories": [
          "NE"
        ]
      },
      "fur": {
        "_scripts": [
          "Latn"
        ]
      },
      "fuv": {
        "_scripts": [
          "Latn"
        ]
      },
      "fuv-alt-secondary": {
        "_territories": [
          "NG"
        ]
      },
      "fy": {
        "_scripts": [
          "Latn"
        ]
      },
      "fy-alt-secondary": {
        "_territories": [
          "NL"
        ]
      },
      "ga": {
        "_scripts": [
          "Latn"
        ],
        "_territories": [
          "IE"
        ]
      },
      "ga-alt-secondary": {
        "_territories": [
          "GB"
        ]
      },
      "gaa": {
        "_scripts": [
          "Latn"
        ]
      },
      "gaa-alt-secondary": {
        "_territories": [
          "GH"
        ]
      },
      "gag": {
        "_scripts": [
          "Latn"
        ]
      },
      "gag-alt-secondary": {
        "_scripts": [
          "Cyrl"
        ]
      },
      "gan": {
        "_scripts": [
          "Hans"
        ]
      },
      "gan-alt-secondary": {
        "_territories": [
          "CN"
        ]
      },
      "gay": {
        "_scripts": [
          "Latn"
        ]
      },
      "gba": {
        "_scripts": [
          "Arab"
        ]
      },
      "gbm": {
        "_scripts": [
          "Deva"
        ]
      },
      "gbm-alt-secondary": {
        "_territories": [
          "IN"
        ]
      },
      "gbz": {
        "_scripts": [
          "Arab"
        ]
      },
      "gcr": {
        "_scripts": [
          "Latn"
        ]
      },
      "gcr-alt-secondary": {
        "_territories": [
          "GF"
        ]
      },
      "gd": {
        "_scripts": [
          "Latn"
        ]
      },
      "gd-alt-secondary": {
        "_territories": [
          "GB"
        ]
      },
      "gez-alt-secondary": {
        "_scripts": [
          "Ethi"
        ]
      },
      "ggn": {
        "_scripts": [
          "Deva"
        ]
      },
      "ggn-alt-secondary": {
        "_scripts": [
          "Latn"
        ]
      },
      "gil": {
        "_scripts": [
          "Latn"
        ],
        "_territories": [
          "KI"
        ]
      },
      "gjk": {
        "_scripts": [
          "Arab"
        ]
      },
      "gju": {
        "_scripts": [
          "Arab"
        ]
      },
      "gl": {
        "_scripts": [
          "Latn"
        ]
      },
      "gl-alt-secondary": {
        "_territories": [
          "ES"
        ]
      },
      "gld": {
        "_scripts": [
          "Cyrl"
        ]
      },
      "glk": {
        "_scripts": [
          "Arab"
        ]
      },
      "glk-alt-secondary": {
        "_territories": [
          "IR"
        ]
      },
      "gmh-alt-secondary": {
        "_scripts": [
          "Latn"
        ]
      },
      "gn": {
        "_scripts": [
          "Latn"
        ],
        "_territories": [
          "PY"
        ]
      },
      "goh-alt-secondary": {
        "_scripts": [
          "Latn"
        ]
      },
      "gom": {
        "_scripts": [
          "Deva"
        ]
      },
      "gom-alt-secondary": {
        "_territories": [
          "IN"
        ]
      },
      "gon": {
        "_scripts": [
          "Deva",
          "Telu"
        ]
      },
      "gon-alt-secondary": {
        "_territories": [
          "IN"
        ]
      },
      "gor": {
        "_scripts": [
          "Latn"
        ]
      },
      "gor-alt-secondary": {
        "_territories": [
          "ID"
        ]
      },
      "gos": {
        "_scripts": [
          "Latn"
        ]
      },
      "got-alt-secondary": {
        "_scripts": [
          "Goth"
        ]
      },
      "grb": {
        "_scripts": [
          "Latn"
        ]
      },
      "grc-alt-secondary": {
        "_scripts": [
          "Cprt",
          "Grek",
          "Linb"
        ]
      },
      "grt": {
        "_scripts": [
          "Beng"
        ]
      },
      "gsw": {
        "_scripts": [
          "Latn"
        ],
        "_territories": [
          "CH",
          "LI"
        ]
      },
      "gu": {
        "_scripts": [
          "Gujr"
        ]
      },
      "gu-alt-secondary": {
        "_territories": [
          "IN"
        ]
      },
      "gub": {
        "_scripts": [
          "Latn"
        ]
      },
      "guc": {
        "_scripts": [
          "Latn"
        ]
      },
      "gur": {
        "_scripts": [
          "Latn"
        ]
      },
      "guz": {
        "_scripts": [
          "Latn"
        ]
      },
      "guz-alt-secondary": {
        "_territories": [
          "KE"
        ]
      },
      "gv": {
        "_scripts": [
          "Latn"
        ],
        "_territories": [
          "IM"
        ]
      },
      "gvr": {
        "_scripts": [
          "Deva"
        ]
      },
      "gwi": {
        "_scripts": [
          "Latn"
        ]
      },
      "ha": {
        "_scripts": [
          "Arab",
          "Latn"
        ]
      },
      "ha-alt-secondary": {
        "_territories": [
          "NE",
          "NG"
        ]
      },
      "hai": {
        "_scripts": [
          "Latn"
        ]
      },
      "hak": {
        "_scripts": [
          "Hans"
        ]
      },
      "hak-alt-secondary": {
        "_territories": [
          "CN"
        ]
      },
      "haw": {
        "_scripts": [
          "Latn"
        ]
      },
      "haw-alt-secondary": {
        "_territories": [
          "US"
        ]
      },
      "haz": {
        "_scripts": [
          "Arab"
        ]
      },
      "haz-alt-secondary": {
        "_territories": [
          "AF"
        ]
      },
      "he": {
        "_scripts": [
          "Hebr"
        ],
        "_territories": [
          "IL"
        ]
      },
      "hi": {
        "_scripts": [
          "Deva"
        ],
        "_territories": [
          "IN"
        ]
      },
      "hi-alt-secondary": {
        "_scripts": [
          "Mahj"
        ],
        "_territories": [
          "FJ"
        ]
      },
      "hif": {
        "_scripts": [
          "Deva",
          "Latn"
        ],
        "_territories": [
          "FJ"
        ]
      },
      "hil": {
        "_scripts": [
          "Latn"
        ]
      },
      "hil-alt-secondary": {
        "_territories": [
          "PH"
        ]
      },
      "hit-alt-secondary": {
        "_scripts": [
          "Xsux"
        ]
      },
      "hmd": {
        "_scripts": [
          "Plrd"
        ]
      },
      "hmn": {
        "_scripts": [
          "Latn"
        ]
      },
      "hmn-alt-secondary": {
        "_scripts": [
          "Hmng"
        ]
      },
      "hnd": {
        "_scripts": [
          "Arab"
        ]
      },
      "hne": {
        "_scripts": [
          "Deva"
        ]
      },
      "hne-alt-secondary": {
        "_territories": [
          "IN"
        ]
      },
      "hnj": {
        "_scripts": [
          "Laoo"
        ]
      },
      "hnn": {
        "_scripts": [
          "Latn"
        ]
      },
      "hnn-alt-secondary": {
        "_scripts": [
          "Hano"
        ]
      },
      "hno": {
        "_scripts": [
          "Arab"
        ]
      },
      "hno-alt-secondary": {
        "_territories": [
          "PK"
        ]
      },
      "ho": {
        "_scripts": [
          "Latn"
        ],
        "_territories": [
          "PG"
        ]
      },
      "hoc": {
        "_scripts": [
          "Deva"
        ]
      },
      "hoc-alt-secondary": {
        "_scripts": [
          "Wara"
        ],
        "_territories": [
          "IN"
        ]
      },
      "hoj": {
        "_scripts": [
          "Deva"
        ]
      },
      "hoj-alt-secondary": {
        "_territories": [
          "IN"
        ]
      },
      "hop": {
        "_scripts": [
          "Latn"
        ]
      },
      "hr": {
        "_scripts": [
          "Latn"
        ],
        "_territories": [
          "BA",
          "HR"
        ]
      },
      "hr-alt-secondary": {
        "_territories": [
          "AT",
          "RS"
        ]
      },
      "hsb": {
        "_scripts": [
          "Latn"
        ]
      },
      "hsn": {
        "_scripts": [
          "Hans"
        ]
      },
      "hsn-alt-secondary": {
        "_territories": [
          "CN"
        ]
      },
      "ht": {
        "_scripts": [
          "Latn"
        ],
        "_territories": [
          "HT"
        ]
      },
      "hu": {
        "_scripts": [
          "Latn"
        ],
        "_territories": [
          "HU"
        ]
      },
      "hu-alt-secondary": {
        "_territories": [
          "AT",
          "RO",
          "RS"
        ]
      },
      "hup": {
        "_scripts": [
          "Latn"
        ]
      },
      "hy": {
        "_scripts": [
          "Armn"
        ],
        "_territories": [
          "AM"
        ]
      },
      "hy-alt-secondary": {
        "_territories": [
          "RU"
        ]
      },
      "hz": {
        "_scripts": [
          "Latn"
        ]
      },
      "ia-alt-secondary": {
        "_scripts": [
          "Latn"
        ]
      },
      "iba": {
        "_scripts": [
          "Latn"
        ]
      },
      "ibb": {
        "_scripts": [
          "Latn"
        ]
      },
      "ibb-alt-secondary": {
        "_territories": [
          "NG"
        ]
      },
      "id": {
        "_scripts": [
          "Latn"
        ],
        "_territories": [
          "ID"
        ]
      },
      "id-alt-secondary": {
        "_scripts": [
          "Arab"
        ]
      },
      "ig": {
        "_scripts": [
          "Latn"
        ]
      },
      "ig-alt-secondary": {
        "_territories": [
          "NG"
        ]
      },
      "ii": {
        "_scripts": [
          "Yiii"
        ]
      },
      "ii-alt-secondary": {
        "_scripts": [
          "Latn"
        ],
        "_territories": [
          "CN"
        ]
      },
      "ik": {
        "_scripts": [
          "Latn"
        ]
      },
      "ikt": {
        "_scripts": [
          "Latn"
        ]
      },
      "ikt-alt-secondary": {
        "_territories": [
          "CA"
        ]
      },
      "ilo": {
        "_scripts": [
          "Latn"
        ]
      },
      "ilo-alt-secondary": {
        "_territories": [
          "PH"
        ]
      },
      "inh": {
        "_scripts": [
          "Cyrl"
        ]
      },
      "inh-alt-secondary": {
        "_scripts": [
          "Arab",
          "Latn"
        ],
        "_territories": [
          "RU"
        ]
      },
      "is": {
        "_scripts": [
          "Latn"
        ],
        "_territories": [
          "IS"
        ]
      },
      "it": {
        "_scripts": [
          "Latn"
        ],
        "_territories": [
          "CH",
          "IT",
          "SM"
        ]
      },
      "it-alt-secondary": {
        "_territories": [
          "DE",
          "FR",
          "HR",
          "US",
          "VA"
        ]
      },
      "iu": {
        "_scripts": [
          "Cans",
          "Latn"
        ]
      },
      "iu-alt-secondary": {
        "_territories": [
          "CA"
        ]
      },
      "izh": {
        "_scripts": [
          "Latn"
        ]
      },
      "ja": {
        "_scripts": [
          "Jpan"
        ],
        "_territories": [
          "JP"
        ]
      },
      "jam": {
        "_scripts": [
          "Latn"
        ]
      },
      "jam-alt-secondary": {
        "_territories": [
          "JM"
        ]
      },
      "jgo": {
        "_scripts": [
          "Latn"
        ]
      },
      "jmc": {
        "_scripts": [
          "Latn"
        ]
      },
      "jml": {
        "_scripts": [
          "Deva"
        ]
      },
      "jpr": {
        "_scripts": [
          "Hebr"
        ]
      },
      "jrb": {
        "_scripts": [
          "Hebr"
        ]
      },
      "jut": {
        "_scripts": [
          "Latn"
        ]
      },
      "jv": {
        "_scripts": [
          "Latn"
        ]
      },
      "jv-alt-secondary": {
        "_scripts": [
          "Java"
        ],
        "_territories": [
          "ID"
        ]
      },
      "ka": {
        "_scripts": [
          "Geor"
        ],
        "_territories": [
          "GE"
        ]
      },
      "kaa": {
        "_scripts": [
          "Cyrl"
        ]
      },
      "kab": {
        "_scripts": [
          "Latn"
        ]
      },
      "kab-alt-secondary": {
        "_territories": [
          "DZ"
        ]
      },
      "kac": {
        "_scripts": [
          "Latn"
        ]
      },
      "kaj": {
        "_scripts": [
          "Latn"
        ]
      },
      "kam": {
        "_scripts": [
          "Latn"
        ]
      },
      "kam-alt-secondary": {
        "_territories": [
          "KE"
        ]
      },
      "kao": {
        "_scripts": [
          "Latn"
        ]
      },
      "kbd": {
        "_scripts": [
          "Cyrl"
        ]
      },
      "kbd-alt-secondary": {
        "_territories": [
          "RU"
        ]
      },
      "kca": {
        "_scripts": [
          "Cyrl"
        ]
      },
      "kcg": {
        "_scripts": [
          "Latn"
        ]
      },
      "kck": {
        "_scripts": [
          "Latn"
        ]
      },
      "kde": {
        "_scripts": [
          "Latn"
        ]
      },
      "kde-alt-secondary": {
        "_territories": [
          "TZ"
        ]
      },
      "kdt": {
        "_scripts": [
          "Thai"
        ]
      },
      "kea": {
        "_scripts": [
          "Latn"
        ]
      },
      "kea-alt-secondary": {
        "_territories": [
          "CV"
        ]
      },
      "kfo": {
        "_scripts": [
          "Latn"
        ]
      },
      "kfr": {
        "_scripts": [
          "Deva"
        ]
      },
      "kfy": {
        "_scripts": [
          "Deva"
        ]
      },
      "kfy-alt-secondary": {
        "_territories": [
          "IN"
        ]
      },
      "kg": {
        "_scripts": [
          "Latn"
        ]
      },
      "kg-alt-secondary": {
        "_territories": [
          "CD"
        ]
      },
      "kge": {
        "_scripts": [
          "Latn"
        ]
      },
      "kgp": {
        "_scripts": [
          "Latn"
        ]
      },
      "kha": {
        "_scripts": [
          "Latn"
        ]
      },
      "kha-alt-secondary": {
        "_scripts": [
          "Beng"
        ],
        "_territories": [
          "IN"
        ]
      },
      "khb": {
        "_scripts": [
          "Talu"
        ]
      },
      "khn": {
        "_scripts": [
          "Deva"
        ]
      },
      "khn-alt-secondary": {
        "_territories": [
          "IN"
        ]
      },
      "khq": {
        "_scripts": [
          "Latn"
        ]
      },
      "kht": {
        "_scripts": [
          "Mymr"
        ]
      },
      "khw": {
        "_scripts": [
          "Arab"
        ]
      },
      "ki": {
        "_scripts": [
          "Latn"
        ]
      },
      "ki-alt-secondary": {
        "_territories": [
          "KE"
        ]
      },
      "kiu": {
        "_scripts": [
          "Latn"
        ]
      },
      "kj": {
        "_scripts": [
          "Latn"
        ]
      },
      "kj-alt-secondary": {
        "_territories": [
          "NA"
        ]
      },
      "kjg": {
        "_scripts": [
          "Laoo"
        ]
      },
      "kjg-alt-secondary": {
        "_scripts": [
          "Latn"
        ]
      },
      "kjh": {
        "_scripts": [
          "Cyrl"
        ]
      },
      "kk": {
        "_scripts": [
          "Arab",
          "Cyrl"
        ],
        "_territories": [
          "KZ"
        ]
      },
      "kk-alt-secondary": {
        "_territories": [
          "CN"
        ]
      },
      "kkj": {
        "_scripts": [
          "Latn"
        ]
      },
      "kl": {
        "_scripts": [
          "Latn"
        ],
        "_territories": [
          "GL"
        ]
      },
      "kl-alt-secondary": {
        "_territories": [
          "DK"
        ]
      },
      "kln": {
        "_scripts": [
          "Latn"
        ]
      },
      "kln-alt-secondary": {
        "_territories": [
          "KE"
        ]
      },
      "km": {
        "_scripts": [
          "Khmr"
        ],
        "_territories": [
          "KH"
        ]
      },
      "kmb": {
        "_scripts": [
          "Latn"
        ]
      },
      "kmb-alt-secondary": {
        "_territories": [
          "AO"
        ]
      },
      "kn": {
        "_scripts": [
          "Knda"
        ]
      },
      "kn-alt-secondary": {
        "_territories": [
          "IN"
        ]
      },
      "ko": {
        "_scripts": [
          "Kore"
        ],
        "_territories": [
          "KP",
          "KR"
        ]
      },
      "ko-alt-secondary": {
        "_territories": [
          "CN"
        ]
      },
      "koi": {
        "_scripts": [
          "Cyrl"
        ]
      },
      "koi-alt-secondary": {
        "_territories": [
          "RU"
        ]
      },
      "kok": {
        "_scripts": [
          "Deva"
        ]
      },
      "kok-alt-secondary": {
        "_territories": [
          "IN"
        ]
      },
      "kos": {
        "_scripts": [
          "Latn"
        ]
      },
      "kpe": {
        "_scripts": [
          "Latn"
        ]
      },
      "kpy": {
        "_scripts": [
          "Cyrl"
        ]
      },
      "kr": {
        "_scripts": [
          "Latn"
        ]
      },
      "krc": {
        "_scripts": [
          "Cyrl"
        ]
      },
      "krc-alt-secondary": {
        "_territories": [
          "RU"
        ]
      },
      "kri": {
        "_scripts": [
          "Latn"
        ]
      },
      "kri-alt-secondary": {
        "_territories": [
          "SL"
        ]
      },
      "krj": {
        "_scripts": [
          "Latn"
        ]
      },
      "krl": {
        "_scripts": [
          "Latn"
        ]
      },
      "kru": {
        "_scripts": [
          "Deva"
        ]
      },
      "kru-alt-secondary": {
        "_territories": [
          "IN"
        ]
      },
      "ks": {
        "_scripts": [
          "Arab",
          "Deva"
        ]
      },
      "ks-alt-secondary": {
        "_territories": [
          "IN"
        ]
      },
      "ksb": {
        "_scripts": [
          "Latn"
        ]
      },
      "ksf": {
        "_scripts": [
          "Latn"
        ]
      },
      "ksh": {
        "_scripts": [
          "Latn"
        ]
      },
      "ku": {
        "_scripts": [
          "Arab",
          "Cyrl",
          "Latn"
        ]
      },
      "ku-alt-secondary": {
        "_territories": [
          "SY",
          "TR"
        ]
      },
      "kum": {
        "_scripts": [
          "Cyrl"
        ]
      },
      "kum-alt-secondary": {
        "_territories": [
          "RU"
        ]
      },
      "kut": {
        "_scripts": [
          "Latn"
        ]
      },
      "kv": {
        "_scripts": [
          "Cyrl"
        ]
      },
      "kv-alt-secondary": {
        "_scripts": [
          "Perm"
        ],
        "_territories": [
          "RU"
        ]
      },
      "kvr": {
        "_scripts": [
          "Latn"
        ]
      },
      "kvx": {
        "_scripts": [
          "Arab"
        ]
      },
      "kw": {
        "_scripts": [
          "Latn"
        ]
      },
      "kxm": {
        "_scripts": [
          "Thai"
        ]
      },
      "kxm-alt-secondary": {
        "_territories": [
          "TH"
        ]
      },
      "kxp": {
        "_scripts": [
          "Arab"
        ]
      },
      "ky": {
        "_scripts": [
          "Arab",
          "Cyrl",
          "Latn"
        ],
        "_territories": [
          "KG"
        ]
      },
      "kyu": {
        "_scripts": [
          "Kali"
        ]
      },
      "la-alt-secondary": {
        "_scripts": [
          "Latn"
        ],
        "_territories": [
          "VA"
        ]
      },
      "lab-alt-secondary": {
        "_scripts": [
          "Lina"
        ]
      },
      "lad": {
        "_scripts": [
          "Hebr"
        ]
      },
      "lag": {
        "_scripts": [
          "Latn"
        ]
      },
      "lah": {
        "_scripts": [
          "Arab"
        ]
      },
      "lah-alt-secondary": {
        "_territories": [
          "PK"
        ]
      },
      "laj": {
        "_scripts": [
          "Latn"
        ]
      },
      "laj-alt-secondary": {
        "_territories": [
          "UG"
        ]
      },
      "lam": {
        "_scripts": [
          "Latn"
        ]
      },
      "lb": {
        "_scripts": [
          "Latn"
        ],
        "_territories": [
          "LU"
        ]
      },
      "lbe": {
        "_scripts": [
          "Cyrl"
        ]
      },
      "lbe-alt-secondary": {
        "_territories": [
          "RU"
        ]
      },
      "lbw": {
        "_scripts": [
          "Latn"
        ]
      },
      "lcp": {
        "_scripts": [
          "Thai"
        ]
      },
      "lep": {
        "_scripts": [
          "Lepc"
        ]
      },
      "lez": {
        "_scripts": [
          "Cyrl"
        ]
      },
      "lez-alt-secondary": {
        "_scripts": [
          "Aghb"
        ],
        "_territories": [
          "RU"
        ]
      },
      "lfn-alt-secondary": {
        "_scripts": [
          "Cyrl",
          "Latn"
        ]
      },
      "lg": {
        "_scripts": [
          "Latn"
        ]
      },
      "lg-alt-secondary": {
        "_territories": [
          "UG"
        ]
      },
      "li": {
        "_scripts": [
          "Latn"
        ]
      },
      "lif": {
        "_scripts": [
          "Deva",
          "Limb"
        ]
      },
      "lij": {
        "_scripts": [
          "Latn"
        ]
      },
      "lis": {
        "_scripts": [
          "Lisu"
        ]
      },
      "liv-alt-secondary": {
        "_scripts": [
          "Latn"
        ]
      },
      "ljp": {
        "_scripts": [
          "Latn"
        ]
      },
      "ljp-alt-secondary": {
        "_territories": [
          "ID"
        ]
      },
      "lki": {
        "_scripts": [
          "Arab"
        ]
      },
      "lkt": {
        "_scripts": [
          "Latn"
        ]
      },
      "lmn": {
        "_scripts": [
          "Telu"
        ]
      },
      "lmn-alt-secondary": {
        "_territories": [
          "IN"
        ]
      },
      "lmo": {
        "_scripts": [
          "Latn"
        ]
      },
      "ln": {
        "_scripts": [
          "Latn"
        ]
      },
      "ln-alt-secondary": {
        "_territories": [
          "CD"
        ]
      },
      "lo": {
        "_scripts": [
          "Laoo"
        ],
        "_territories": [
          "LA"
        ]
      },
      "lol": {
        "_scripts": [
          "Latn"
        ]
      },
      "loz": {
        "_scripts": [
          "Latn"
        ]
      },
      "lrc": {
        "_scripts": [
          "Arab"
        ]
      },
      "lrc-alt-secondary": {
        "_territories": [
          "IR"
        ]
      },
      "lt": {
        "_scripts": [
          "Latn"
        ],
        "_territories": [
          "LT"
        ]
      },
      "lt-alt-secondary": {
        "_territories": [
          "PL"
        ]
      },
      "ltg": {
        "_scripts": [
          "Latn"
        ]
      },
      "lu": {
        "_scripts": [
          "Latn"
        ]
      },
      "lu-alt-secondary": {
        "_territories": [
          "CD"
        ]
      },
      "lua": {
        "_scripts": [
          "Latn"
        ]
      },
      "lua-alt-secondary": {
        "_territories": [
          "CD"
        ]
      },
      "lui": {
        "_scripts": [
          "Latn"
        ]
      },
      "lun": {
        "_scripts": [
          "Latn"
        ]
      },
      "luo": {
        "_scripts": [
          "Latn"
        ]
      },
      "luo-alt-secondary": {
        "_territories": [
          "KE"
        ]
      },
      "lus": {
        "_scripts": [
          "Beng"
        ]
      },
      "lut-alt-secondary": {
        "_scripts": [
          "Latn"
        ]
      },
      "luy": {
        "_scripts": [
          "Latn"
        ]
      },
      "luy-alt-secondary": {
        "_territories": [
          "KE"
        ]
      },
      "luz": {
        "_scripts": [
          "Arab"
        ]
      },
      "luz-alt-secondary": {
        "_territories": [
          "IR"
        ]
      },
      "lv": {
        "_scripts": [
          "Latn"
        ],
        "_territories": [
          "LV"
        ]
      },
      "lwl": {
        "_scripts": [
          "Thai"
        ]
      },
      "lzh-alt-secondary": {
        "_scripts": [
          "Hans"
        ]
      },
      "lzz": {
        "_scripts": [
          "Geor",
          "Latn"
        ]
      },
      "mad": {
        "_scripts": [
          "Latn"
        ]
      },
      "mad-alt-secondary": {
        "_territories": [
          "ID"
        ]
      },
      "maf": {
        "_scripts": [
          "Latn"
        ]
      },
      "mag": {
        "_scripts": [
          "Deva"
        ]
      },
      "mag-alt-secondary": {
        "_territories": [
          "IN"
        ]
      },
      "mai": {
        "_scripts": [
          "Deva"
        ]
      },
      "mai-alt-secondary": {
        "_scripts": [
          "Tirh"
        ],
        "_territories": [
          "IN",
          "NP"
        ]
      },
      "mak": {
        "_scripts": [
          "Latn"
        ]
      },
      "mak-alt-secondary": {
        "_scripts": [
          "Bugi"
        ],
        "_territories": [
          "ID"
        ]
      },
      "man": {
        "_scripts": [
          "Latn",
          "Nkoo"
        ]
      },
      "man-alt-secondary": {
        "_territories": [
          "GM",
          "GN"
        ]
      },
      "mas": {
        "_scripts": [
          "Latn"
        ]
      },
      "maz": {
        "_scripts": [
          "Latn"
        ]
      },
      "mdf": {
        "_scripts": [
          "Cyrl"
        ]
      },
      "mdf-alt-secondary": {
        "_territories": [
          "RU"
        ]
      },
      "mdh": {
        "_scripts": [
          "Latn"
        ]
      },
      "mdh-alt-secondary": {
        "_territories": [
          "PH"
        ]
      },
      "mdr": {
        "_scripts": [
          "Latn"
        ]
      },
      "mdr-alt-secondary": {
        "_scripts": [
          "Bugi"
        ]
      },
      "mdt": {
        "_scripts": [
          "Latn"
        ]
      },
      "men": {
        "_scripts": [
          "Latn"
        ]
      },
      "men-alt-secondary": {
        "_scripts": [
          "Mend"
        ],
        "_territories": [
          "SL"
        ]
      },
      "mer": {
        "_scripts": [
          "Latn"
        ]
      },
      "mer-alt-secondary": {
        "_territories": [
          "KE"
        ]
      },
      "mfa": {
        "_scripts": [
          "Arab"
        ]
      },
      "mfa-alt-secondary": {
        "_territories": [
          "TH"
        ]
      },
      "mfe": {
        "_scripts": [
          "Latn"
        ]
      },
      "mfe-alt-secondary": {
        "_territories": [
          "MU"
        ]
      },
      "mg": {
        "_scripts": [
          "Latn"
        ],
        "_territories": [
          "MG"
        ]
      },
      "mgh": {
        "_scripts": [
          "Latn"
        ]
      },
      "mgh-alt-secondary": {
        "_territories": [
          "MZ"
        ]
      },
      "mgo": {
        "_scripts": [
          "Latn"
        ]
      },
      "mgp": {
        "_scripts": [
          "Deva"
        ]
      },
      "mgy": {
        "_scripts": [
          "Latn"
        ]
      },
      "mh": {
        "_scripts": [
          "Latn"
        ],
        "_territories": [
          "MH"
        ]
      },
      "mi": {
        "_scripts": [
          "Latn"
        ],
        "_territories": [
          "NZ"
        ]
      },
      "mic": {
        "_scripts": [
          "Latn"
        ]
      },
      "min": {
        "_scripts": [
          "Latn"
        ]
      },
      "min-alt-secondary": {
        "_territories": [
          "ID"
        ]
      },
      "mk": {
        "_scripts": [
          "Cyrl"
        ],
        "_territories": [
          "MK"
        ]
      },
      "ml": {
        "_scripts": [
          "Mlym"
        ]
      },
      "ml-alt-secondary": {
        "_territories": [
          "IN"
        ]
      },
      "mn": {
        "_scripts": [
          "Cyrl",
          "Mong"
        ],
        "_territories": [
          "MN"
        ]
      },
      "mn-alt-secondary": {
        "_scripts": [
          "Phag"
        ],
        "_territories": [
          "CN"
        ]
      },
      "mnc-alt-secondary": {
        "_scripts": [
          "Mong"
        ]
      },
      "mni": {
        "_scripts": [
          "Beng"
        ]
      },
      "mni-alt-secondary": {
        "_scripts": [
          "Mtei"
        ],
        "_territories": [
          "IN"
        ]
      },
      "mns": {
        "_scripts": [
          "Cyrl"
        ]
      },
      "mnw": {
        "_scripts": [
          "Mymr"
        ]
      },
      "moe": {
        "_scripts": [
          "Latn"
        ]
      },
      "moh": {
        "_scripts": [
          "Latn"
        ]
      },
      "mos": {
        "_scripts": [
          "Latn"
        ]
      },
      "mos-alt-secondary": {
        "_territories": [
          "BF"
        ]
      },
      "mr": {
        "_scripts": [
          "Deva"
        ]
      },
      "mr-alt-secondary": {
        "_scripts": [
          "Modi"
        ],
        "_territories": [
          "IN"
        ]
      },
      "mrd": {
        "_scripts": [
          "Deva"
        ]
      },
      "mrj": {
        "_scripts": [
          "Cyrl"
        ]
      },
      "mro": {
        "_scripts": [
          "Latn"
        ]
      },
      "mro-alt-secondary": {
        "_scripts": [
          "Mroo"
        ]
      },
      "ms": {
        "_scripts": [
          "Arab",
          "Latn"
        ],
        "_territories": [
          "BN",
          "MY",
          "SG"
        ]
      },
      "ms-alt-secondary": {
        "_territories": [
          "CC",
          "ID"
        ]
      },
      "mt": {
        "_scripts": [
          "Latn"
        ],
        "_territories": [
          "MT"
        ]
      },
      "mtr": {
        "_scripts": [
          "Deva"
        ]
      },
      "mtr-alt-secondary": {
        "_territories": [
          "IN"
        ]
      },
      "mua": {
        "_scripts": [
          "Latn"
        ]
      },
      "mus": {
        "_scripts": [
          "Latn"
        ]
      },
      "mvy": {
        "_scripts": [
          "Arab"
        ]
      },
      "mwk": {
        "_scripts": [
          "Latn"
        ]
      },
      "mwl": {
        "_scripts": [
          "Latn"
        ]
      },
      "mwr": {
        "_scripts": [
          "Deva"
        ]
      },
      "mwr-alt-secondary": {
        "_territories": [
          "IN"
        ]
      },
      "mwv": {
        "_scripts": [
          "Latn"
        ]
      },
      "mxc": {
        "_scripts": [
          "Latn"
        ]
      },
      "my": {
        "_scripts": [
          "Mymr"
        ],
        "_territories": [
          "MM"
        ]
      },
      "myv": {
        "_scripts": [
          "Cyrl"
        ]
      },
      "myv-alt-secondary": {
        "_territories": [
          "RU"
        ]
      },
      "myx": {
        "_scripts": [
          "Latn"
        ]
      },
      "myx-alt-secondary": {
        "_territories": [
          "UG"
        ]
      },
      "myz-alt-secondary": {
        "_scripts": [
          "Mand"
        ]
      },
      "mzn": {
        "_scripts": [
          "Arab"
        ]
      },
      "mzn-alt-secondary": {
        "_territories": [
          "IR"
        ]
      },
      "na": {
        "_scripts": [
          "Latn"
        ],
        "_territories": [
          "NR"
        ]
      },
      "nan": {
        "_scripts": [
          "Hans"
        ]
      },
      "nan-alt-secondary": {
        "_territories": [
          "CN"
        ]
      },
      "nap": {
        "_scripts": [
          "Latn"
        ]
      },
      "naq": {
        "_scripts": [
          "Latn"
        ]
      },
      "nb": {
        "_scripts": [
          "Latn"
        ],
        "_territories": [
          "NO",
          "SJ"
        ]
      },
      "nch": {
        "_scripts": [
          "Latn"
        ]
      },
      "nd": {
        "_scripts": [
          "Latn"
        ],
        "_territories": [
          "ZW"
        ]
      },
      "ndc": {
        "_scripts": [
          "Latn"
        ]
      },
      "ndc-alt-secondary": {
        "_territories": [
          "MZ"
        ]
      },
      "nds": {
        "_scripts": [
          "Latn"
        ]
      },
      "nds-alt-secondary": {
        "_territories": [
          "DE"
        ]
      },
      "ne": {
        "_scripts": [
          "Deva"
        ],
        "_territories": [
          "NP"
        ]
      },
      "ne-alt-secondary": {
        "_territories": [
          "IN"
        ]
      },
      "new": {
        "_scripts": [
          "Deva"
        ]
      },
      "new-alt-secondary": {
        "_territories": [
          "NP"
        ]
      },
      "ng": {
        "_scripts": [
          "Latn"
        ]
      },
      "ng-alt-secondary": {
        "_territories": [
          "NA"
        ]
      },
      "ngl": {
        "_scripts": [
          "Latn"
        ]
      },
      "ngl-alt-secondary": {
        "_territories": [
          "MZ"
        ]
      },
      "nhe": {
        "_scripts": [
          "Latn"
        ]
      },
      "nhw": {
        "_scripts": [
          "Latn"
        ]
      },
      "nia": {
        "_scripts": [
          "Latn"
        ]
      },
      "nij": {
        "_scripts": [
          "Latn"
        ]
      },
      "niu": {
        "_scripts": [
          "Latn"
        ],
        "_territories": [
          "NU"
        ]
      },
      "njo": {
        "_scripts": [
          "Latn"
        ]
      },
      "nl": {
        "_scripts": [
          "Latn"
        ],
        "_territories": [
          "AW",
          "BE",
          "BQ",
          "CW",
          "NL",
          "SR",
          "SX"
        ]
      },
      "nl-alt-secondary": {
        "_territories": [
          "DE"
        ]
      },
      "nmg": {
        "_scripts": [
          "Latn"
        ]
      },
      "nn": {
        "_scripts": [
          "Latn"
        ],
        "_territories": [
          "NO"
        ]
      },
      "nnh": {
        "_scripts": [
          "Latn"
        ]
      },
      "nod": {
        "_scripts": [
          "Lana"
        ]
      },
      "nod-alt-secondary": {
        "_territories": [
          "TH"
        ]
      },
      "noe": {
        "_scripts": [
          "Deva"
        ]
      },
      "noe-alt-secondary": {
        "_territories": [
          "IN"
        ]
      },
      "nog": {
        "_scripts": [
          "Cyrl"
        ]
      },
      "non-alt-secondary": {
        "_scripts": [
          "Runr"
        ]
      },
      "nov-alt-secondary": {
        "_scripts": [
          "Latn"
        ]
      },
      "nqo": {
        "_scripts": [
          "Nkoo"
        ]
      },
      "nr": {
        "_scripts": [
          "Latn"
        ]
      },
      "nr-alt-secondary": {
        "_territories": [
          "ZA"
        ]
      },
      "nsk": {
        "_scripts": [
          "Cans"
        ]
      },
      "nsk-alt-secondary": {
        "_scripts": [
          "Latn"
        ]
      },
      "nso": {
        "_scripts": [
          "Latn"
        ]
      },
      "nso-alt-secondary": {
        "_territories": [
          "ZA"
        ]
      },
      "nus": {
        "_scripts": [
          "Latn"
        ]
      },
      "nv": {
        "_scripts": [
          "Latn"
        ]
      },
      "nxq": {
        "_scripts": [
          "Latn"
        ]
      },
      "ny": {
        "_scripts": [
          "Latn"
        ],
        "_territories": [
          "MW"
        ]
      },
      "ny-alt-secondary": {
        "_territories": [
          "ZM"
        ]
      },
      "nym": {
        "_scripts": [
          "Latn"
        ]
      },
      "nym-alt-secondary": {
        "_territories": [
          "TZ"
        ]
      },
      "nyn": {
        "_scripts": [
          "Latn"
        ]
      },
      "nyn-alt-secondary": {
        "_territories": [
          "UG"
        ]
      },
      "nyo": {
        "_scripts": [
          "Latn"
        ]
      },
      "nzi": {
        "_scripts": [
          "Latn"
        ]
      },
      "oc": {
        "_scripts": [
          "Latn"
        ]
      },
      "oc-alt-secondary": {
        "_territories": [
          "FR"
        ]
      },
      "oj": {
        "_scripts": [
          "Cans"
        ]
      },
      "oj-alt-secondary": {
        "_scripts": [
          "Latn"
        ]
      },
      "om": {
        "_scripts": [
          "Latn"
        ]
      },
      "om-alt-secondary": {
        "_scripts": [
          "Ethi"
        ],
        "_territories": [
          "ET"
        ]
      },
      "or": {
        "_scripts": [
          "Orya"
        ]
      },
      "or-alt-secondary": {
        "_territories": [
          "IN"
        ]
      },
      "os": {
        "_scripts": [
          "Cyrl"
        ]
      },
      "os-alt-secondary": {
        "_territories": [
          "GE"
        ]
      },
      "osa": {
        "_scripts": [
          "Latn"
        ]
      },
      "osc-alt-secondary": {
        "_scripts": [
          "Ital",
          "Latn"
        ]
      },
      "otk-alt-secondary": {
        "_scripts": [
          "Orkh"
        ]
      },
      "pa": {
        "_scripts": [
          "Arab",
          "Guru"
        ]
      },
      "pa-alt-secondary": {
        "_territories": [
          "IN",
          "PK"
        ]
      },
      "pag": {
        "_scripts": [
          "Latn"
        ]
      },
      "pag-alt-secondary": {
        "_territories": [
          "PH"
        ]
      },
      "pal-alt-secondary": {
        "_scripts": [
          "Phli",
          "Phlp"
        ]
      },
      "pam": {
        "_scripts": [
          "Latn"
        ]
      },
      "pam-alt-secondary": {
        "_territories": [
          "PH"
        ]
      },
      "pap": {
        "_scripts": [
          "Latn"
        ],
        "_territories": [
          "AW",
          "CW"
        ]
      },
      "pap-alt-secondary": {
        "_territories": [
          "BQ"
        ]
      },
      "pau": {
        "_scripts": [
          "Latn"
        ],
        "_territories": [
          "PW"
        ]
      },
      "pcd": {
        "_scripts": [
          "Latn"
        ]
      },
      "pcm": {
        "_scripts": [
          "Latn"
        ]
      },
      "pcm-alt-secondary": {
        "_territories": [
          "NG"
        ]
      },
      "pdc": {
        "_scripts": [
          "Latn"
        ]
      },
      "pdt": {
        "_scripts": [
          "Latn"
        ]
      },
      "peo-alt-secondary": {
        "_scripts": [
          "Xpeo"
        ]
      },
      "pfl": {
        "_scripts": [
          "Latn"
        ]
      },
      "phn-alt-secondary": {
        "_scripts": [
          "Phnx"
        ]
      },
      "pi-alt-secondary": {
        "_scripts": [
          "Deva",
          "Sinh",
          "Thai"
        ]
      },
      "pko": {
        "_scripts": [
          "Latn"
        ]
      },
      "pl": {
        "_scripts": [
          "Latn"
        ],
        "_territories": [
          "PL"
        ]
      },
      "pl-alt-secondary": {
        "_territories": [
          "UA"
        ]
      },
      "pms": {
        "_scripts": [
          "Latn"
        ]
      },
      "pnt": {
        "_scripts": [
          "Cyrl",
          "Grek",
          "Latn"
        ]
      },
      "pon": {
        "_scripts": [
          "Latn"
        ]
      },
      "pon-alt-secondary": {
        "_territories": [
          "FM"
        ]
      },
      "prd": {
        "_scripts": [
          "Arab"
        ]
      },
      "prg-alt-secondary": {
        "_scripts": [
          "Latn"
        ]
      },
      "pro-alt-secondary": {
        "_scripts": [
          "Latn"
        ]
      },
      "prs": {
        "_scripts": [
          "Arab"
        ]
      },
      "ps": {
        "_scripts": [
          "Arab"
        ],
        "_territories": [
          "AF"
        ]
      },
      "ps-alt-secondary": {
        "_territories": [
          "PK"
        ]
      },
      "pt": {
        "_scripts": [
          "Latn"
        ],
        "_territories": [
          "AO",
          "BR",
          "CV",
          "GW",
          "MO",
          "MZ",
          "PT",
          "ST",
          "TL"
        ]
      },
      "puu": {
        "_scripts": [
          "Latn"
        ]
      },
      "qu": {
        "_scripts": [
          "Latn"
        ],
        "_territories": [
          "BO",
          "EC",
          "PE"
        ]
      },
      "quc": {
        "_scripts": [
          "Latn"
        ]
      },
      "quc-alt-secondary": {
        "_territories": [
          "GT"
        ]
      },
      "qug": {
        "_scripts": [
          "Latn"
        ]
      },
      "raj": {
        "_scripts": [
          "Latn"
        ]
      },
      "raj-alt-secondary": {
        "_territories": [
          "IN"
        ]
      },
      "rap": {
        "_scripts": [
          "Latn"
        ]
      },
      "rar": {
        "_scripts": [
          "Latn"
        ]
      },
      "rcf": {
        "_scripts": [
          "Latn"
        ]
      },
      "rcf-alt-secondary": {
        "_territories": [
          "RE"
        ]
      },
      "rej": {
        "_scripts": [
          "Latn"
        ]
      },
      "rej-alt-secondary": {
        "_scripts": [
          "Rjng"
        ],
        "_territories": [
          "ID"
        ]
      },
      "rgn": {
        "_scripts": [
          "Latn"
        ]
      },
      "ria": {
        "_scripts": [
          "Latn"
        ]
      },
      "rif": {
        "_scripts": [
          "Latn",
          "Tfng"
        ]
      },
      "rif-alt-secondary": {
        "_territories": [
          "MA"
        ]
      },
      "rjs": {
        "_scripts": [
          "Deva"
        ]
      },
      "rkt": {
        "_scripts": [
          "Beng"
        ]
      },
      "rkt-alt-secondary": {
        "_territories": [
          "BD",
          "IN"
        ]
      },
      "rm": {
        "_scripts": [
          "Latn"
        ]
      },
      "rm-alt-secondary": {
        "_territories": [
          "CH"
        ]
      },
      "rmf": {
        "_scripts": [
          "Latn"
        ]
      },
      "rmo": {
        "_scripts": [
          "Latn"
        ]
      },
      "rmt": {
        "_scripts": [
          "Arab"
        ]
      },
      "rmt-alt-secondary": {
        "_territories": [
          "IR"
        ]
      },
      "rmu": {
        "_scripts": [
          "Latn"
        ]
      },
      "rn": {
        "_scripts": [
          "Latn"
        ],
        "_territories": [
          "BI"
        ]
      },
      "rng": {
        "_scripts": [
          "Latn"
        ]
      },
      "ro": {
        "_scripts": [
          "Latn"
        ],
        "_territories": [
          "MD",
          "RO"
        ]
      },
      "ro-alt-secondary": {
        "_scripts": [
          "Cyrl"
        ],
        "_territories": [
          "RS"
        ]
      },
      "rob": {
        "_scripts": [
          "Latn"
        ]
      },
      "rof": {
        "_scripts": [
          "Latn"
        ]
      },
      "rom": {
        "_scripts": [
          "Latn"
        ]
      },
      "rom-alt-secondary": {
        "_scripts": [
          "Cyrl"
        ]
      },
      "rtm": {
        "_scripts": [
          "Latn"
        ]
      },
      "ru": {
        "_scripts": [
          "Cyrl"
        ],
        "_territories": [
          "BY",
          "KG",
          "KZ",
          "RU",
          "UA"
        ]
      },
      "ru-alt-secondary": {
        "_territories": [
          "DE",
          "EE",
          "LV",
          "SJ",
          "UZ"
        ]
      },
      "rue": {
        "_scripts": [
          "Cyrl"
        ]
      },
      "rug": {
        "_scripts": [
          "Latn"
        ]
      },
      "rup": {
        "_scripts": [
          "Latn"
        ]
      },
      "rw": {
        "_scripts": [
          "Latn"
        ],
        "_territories": [
          "RW"
        ]
      },
      "rwk": {
        "_scripts": [
          "Latn"
        ]
      },
      "ryu": {
        "_scripts": [
          "Kana"
        ]
      },
      "sa-alt-secondary": {
        "_scripts": [
          "Deva",
          "Gran",
          "Shrd",
          "Sidd",
          "Sinh"
        ],
        "_territories": [
          "IN"
        ]
      },
      "sad": {
        "_scripts": [
          "Latn"
        ]
      },
      "saf": {
        "_scripts": [
          "Latn"
        ]
      },
      "sah": {
        "_scripts": [
          "Cyrl"
        ]
      },
      "sah-alt-secondary": {
        "_territories": [
          "RU"
        ]
      },
      "sam-alt-secondary": {
        "_scripts": [
          "Hebr",
          "Samr"
        ]
      },
      "saq": {
        "_scripts": [
          "Latn"
        ]
      },
      "sas": {
        "_scripts": [
          "Latn"
        ]
      },
      "sas-alt-secondary": {
        "_territories": [
          "ID"
        ]
      },
      "sat": {
        "_scripts": [
          "Latn"
        ]
      },
      "sat-alt-secondary": {
        "_scripts": [
          "Beng",
          "Deva",
          "Olck",
          "Orya"
        ],
        "_territories": [
          "IN"
        ]
      },
      "saz": {
        "_scripts": [
          "Saur"
        ]
      },
      "sbp": {
        "_scripts": [
          "Latn"
        ]
      },
      "sc": {
        "_scripts": [
          "Latn"
        ]
      },
      "sc-alt-secondary": {
        "_territories": [
          "IT"
        ]
      },
      "sck": {
        "_scripts": [
          "Deva"
        ]
      },
      "sck-alt-secondary": {
        "_territories": [
          "IN"
        ]
      },
      "scn": {
        "_scripts": [
          "Latn"
        ]
      },
      "sco": {
        "_scripts": [
          "Latn"
        ]
      },
      "sco-alt-secondary": {
        "_territories": [
          "GB"
        ]
      },
      "scs": {
        "_scripts": [
          "Latn"
        ]
      },
      "sd": {
        "_scripts": [
          "Arab",
          "Deva"
        ]
      },
      "sd-alt-secondary": {
        "_scripts": [
          "Khoj",
          "Sind"
        ],
        "_territories": [
          "IN",
          "PK"
        ]
      },
      "sdc": {
        "_scripts": [
          "Latn"
        ]
      },
      "sdh": {
        "_scripts": [
          "Arab"
        ]
      },
      "se": {
        "_scripts": [
          "Latn"
        ]
      },
      "se-alt-secondary": {
        "_scripts": [
          "Cyrl"
        ],
        "_territories": [
          "NO"
        ]
      },
      "see": {
        "_scripts": [
          "Latn"
        ]
      },
      "sef": {
        "_scripts": [
          "Latn"
        ]
      },
      "seh": {
        "_scripts": [
          "Latn"
        ]
      },
      "seh-alt-secondary": {
        "_territories": [
          "MZ"
        ]
      },
      "sei": {
        "_scripts": [
          "Latn"
        ]
      },
      "sel-alt-secondary": {
        "_scripts": [
          "Cyrl"
        ]
      },
      "ses": {
        "_scripts": [
          "Latn"
        ]
      },
      "sg": {
        "_scripts": [
          "Latn"
        ],
        "_territories": [
          "CF"
        ]
      },
      "sga-alt-secondary": {
        "_scripts": [
          "Latn",
          "Ogam"
        ]
      },
      "sgs": {
        "_scripts": [
          "Latn"
        ]
      },
      "shi": {
        "_scripts": [
          "Arab",
          "Latn",
          "Tfng"
        ]
      },
      "shi-alt-secondary": {
        "_territories": [
          "MA"
        ]
      },
      "shn": {
        "_scripts": [
          "Mymr"
        ]
      },
      "shn-alt-secondary": {
        "_territories": [
          "MM"
        ]
      },
      "si": {
        "_scripts": [
          "Sinh"
        ],
        "_territories": [
          "LK"
        ]
      },
      "sid": {
        "_scripts": [
          "Latn"
        ]
      },
      "sid-alt-secondary": {
        "_territories": [
          "ET"
        ]
      },
      "sk": {
        "_scripts": [
          "Latn"
        ],
        "_territories": [
          "SK"
        ]
      },
      "sk-alt-secondary": {
        "_territories": [
          "RS"
        ]
      },
      "skr": {
        "_scripts": [
          "Arab"
        ]
      },
      "skr-alt-secondary": {
        "_territories": [
          "PK"
        ]
      },
      "sl": {
        "_scripts": [
          "Latn"
        ],
        "_territories": [
          "SI"
        ]
      },
      "sl-alt-secondary": {
        "_territories": [
          "AT"
        ]
      },
      "sli": {
        "_scripts": [
          "Latn"
        ]
      },
      "sly": {
        "_scripts": [
          "Latn"
        ]
      },
      "sm": {
        "_scripts": [
          "Latn"
        ],
        "_territories": [
          "AS",
          "WS"
        ]
      },
      "sma": {
        "_scripts": [
          "Latn"
        ]
      },
      "smj": {
        "_scripts": [
          "Latn"
        ]
      },
      "smn": {
        "_scripts": [
          "Latn"
        ]
      },
      "smp-alt-secondary": {
        "_scripts": [
          "Samr"
        ]
      },
      "sms": {
        "_scripts": [
          "Latn"
        ]
      },
      "sn": {
        "_scripts": [
          "Latn"
        ],
        "_territories": [
          "ZW"
        ]
      },
      "snk": {
        "_scripts": [
          "Latn"
        ]
      },
      "so": {
        "_scripts": [
          "Latn"
        ],
        "_territories": [
          "SO"
        ]
      },
      "so-alt-secondary": {
        "_scripts": [
          "Arab",
          "Osma"
        ],
        "_territories": [
          "DJ",
          "ET"
        ]
      },
      "sou": {
        "_scripts": [
          "Thai"
        ]
      },
      "sou-alt-secondary": {
        "_territories": [
          "TH"
        ]
      },
      "sq": {
        "_scripts": [
          "Latn"
        ],
        "_territories": [
          "AL",
          "XK"
        ]
      },
      "sq-alt-secondary": {
        "_scripts": [
          "Elba"
        ],
        "_territories": [
          "MK",
          "RS"
        ]
      },
      "sr": {
        "_scripts": [
          "Cyrl",
          "Latn"
        ],
        "_territories": [
          "BA",
          "ME",
          "RS",
          "XK"
        ]
      },
      "srb": {
        "_scripts": [
          "Latn"
        ]
      },
      "srb-alt-secondary": {
        "_scripts": [
          "Sora"
        ]
      },
      "srn": {
        "_scripts": [
          "Latn"
        ]
      },
      "srn-alt-secondary": {
        "_territories": [
          "SR"
        ]
      },
      "srr": {
        "_scripts": [
          "Latn"
        ]
      },
      "srr-alt-secondary": {
        "_territories": [
          "SN"
        ]
      },
      "srx": {
        "_scripts": [
          "Deva"
        ]
      },
      "ss": {
        "_scripts": [
          "Latn"
        ],
        "_territories": [
          "SZ"
        ]
      },
      "ss-alt-secondary": {
        "_territories": [
          "ZA"
        ]
      },
      "ssy": {
        "_scripts": [
          "Latn"
        ]
      },
      "st": {
        "_scripts": [
          "Latn"
        ],
        "_territories": [
          "LS"
        ]
      },
      "st-alt-secondary": {
        "_territories": [
          "ZA"
        ]
      },
      "stq": {
        "_scripts": [
          "Latn"
        ]
      },
      "su": {
        "_scripts": [
          "Latn"
        ]
      },
      "su-alt-secondary": {
        "_scripts": [
          "Sund"
        ],
        "_territories": [
          "ID"
        ]
      },
      "suk": {
        "_scripts": [
          "Latn"
        ]
      },
      "suk-alt-secondary": {
        "_territories": [
          "TZ"
        ]
      },
      "sus": {
        "_scripts": [
          "Latn"
        ]
      },
      "sus-alt-secondary": {
        "_scripts": [
          "Arab"
        ],
        "_territories": [
          "GN"
        ]
      },
      "sv": {
        "_scripts": [
          "Latn"
        ],
        "_territories": [
          "AX",
          "FI",
          "SE"
        ]
      },
      "sw": {
        "_scripts": [
          "Latn"
        ],
        "_territories": [
          "KE",
          "TZ",
          "UG"
        ]
      },
      "sw-alt-secondary": {
        "_territories": [
          "CD"
        ]
      },
      "swb": {
        "_scripts": [
          "Arab"
        ]
      },
      "swb-alt-secondary": {
        "_scripts": [
          "Latn"
        ],
        "_territories": [
          "YT"
        ]
      },
      "swc": {
        "_scripts": [
          "Latn"
        ]
      },
      "swc-alt-secondary": {
        "_territories": [
          "CD"
        ]
      },
      "swv": {
        "_scripts": [
          "Deva"
        ]
      },
      "swv-alt-secondary": {
        "_territories": [
          "IN"
        ]
      },
      "sxn": {
        "_scripts": [
          "Latn"
        ]
      },
      "syi": {
        "_scripts": [
          "Latn"
        ]
      },
      "syl": {
        "_scripts": [
          "Beng"
        ]
      },
      "syl-alt-secondary": {
        "_scripts": [
          "Sylo"
        ],
        "_territories": [
          "BD"
        ]
      },
      "syr-alt-secondary": {
        "_scripts": [
          "Syrc"
        ]
      },
      "szl": {
        "_scripts": [
          "Latn"
        ]
      },
      "ta": {
        "_scripts": [
          "Taml"
        ],
        "_territories": [
          "LK",
          "SG"
        ]
      },
      "ta-alt-secondary": {
        "_territories": [
          "IN",
          "MY"
        ]
      },
      "tab": {
        "_scripts": [
          "Cyrl"
        ]
      },
      "taj": {
        "_scripts": [
          "Deva"
        ]
      },
      "taj-alt-secondary": {
        "_scripts": [
          "Tibt"
        ]
      },
      "tbw": {
        "_scripts": [
          "Latn"
        ]
      },
      "tbw-alt-secondary": {
        "_scripts": [
          "Tagb"
        ]
      },
      "tcy": {
        "_scripts": [
          "Knda"
        ]
      },
      "tcy-alt-secondary": {
        "_territories": [
          "IN"
        ]
      },
      "tdd": {
        "_scripts": [
          "Tale"
        ]
      },
      "tdg": {
        "_scripts": [
          "Deva"
        ]
      },
      "tdg-alt-secondary": {
        "_scripts": [
          "Tibt"
        ]
      },
      "tdh": {
        "_scripts": [
          "Deva"
        ]
      },
      "te": {
        "_scripts": [
          "Telu"
        ]
      },
      "te-alt-secondary": {
        "_territories": [
          "IN"
        ]
      },
      "tem": {
        "_scripts": [
          "Latn"
        ]
      },
      "tem-alt-secondary": {
        "_territories": [
          "SL"
        ]
      },
      "teo": {
        "_scripts": [
          "Latn"
        ]
      },
      "teo-alt-secondary": {
        "_territories": [
          "UG"
        ]
      },
      "ter": {
        "_scripts": [
          "Latn"
        ]
      },
      "tet": {
        "_scripts": [
          "Latn"
        ],
        "_territories": [
          "TL"
        ]
      },
      "tg": {
        "_scripts": [
          "Arab",
          "Cyrl",
          "Latn"
        ],
        "_territories": [
          "TJ"
        ]
      },
      "th": {
        "_scripts": [
          "Thai"
        ],
        "_territories": [
          "TH"
        ]
      },
      "thl": {
        "_scripts": [
          "Deva"
        ]
      },
      "thq": {
        "_scripts": [
          "Deva"
        ]
      },
      "thr": {
        "_scripts": [
          "Deva"
        ]
      },
      "ti": {
        "_scripts": [
          "Ethi"
        ],
        "_territories": [
          "ER"
        ]
      },
      "ti-alt-secondary": {
        "_territories": [
          "ET"
        ]
      },
      "tig": {
        "_scripts": [
          "Ethi"
        ]
      },
      "tig-alt-secondary": {
        "_territories": [
          "ER"
        ]
      },
      "tiv": {
        "_scripts": [
          "Latn"
        ]
      },
      "tiv-alt-secondary": {
        "_territories": [
          "NG"
        ]
      },
      "tk": {
        "_scripts": [
          "Arab",
          "Cyrl",
          "Latn"
        ],
        "_territories": [
          "TM"
        ]
      },
      "tk-alt-secondary": {
        "_territories": [
          "AF",
          "IR"
        ]
      },
      "tkl": {
        "_scripts": [
          "Latn"
        ],
        "_territories": [
          "TK"
        ]
      },
      "tkr": {
        "_scripts": [
          "Cyrl",
          "Latn"
        ]
      },
      "tkt": {
        "_scripts": [
          "Deva"
        ]
      },
      "tli": {
        "_scripts": [
          "Latn"
        ]
      },
      "tly": {
        "_scripts": [
          "Arab",
          "Cyrl",
          "Latn"
        ]
      },
      "tmh": {
        "_scripts": [
          "Latn"
        ]
      },
      "tmh-alt-secondary": {
        "_territories": [
          "NE"
        ]
      },
      "tn": {
        "_scripts": [
          "Latn"
        ],
        "_territories": [
          "BW"
        ]
      },
      "tn-alt-secondary": {
        "_territories": [
          "ZA"
        ]
      },
      "to": {
        "_scripts": [
          "Latn"
        ],
        "_territories": [
          "TO"
        ]
      },
      "tog": {
        "_scripts": [
          "Latn"
        ]
      },
      "tpi": {
        "_scripts": [
          "Latn"
        ],
        "_territories": [
          "PG"
        ]
      },
      "tr": {
        "_scripts": [
          "Latn"
        ],
        "_territories": [
          "CY",
          "TR"
        ]
      },
      "tr-alt-secondary": {
        "_scripts": [
          "Arab"
        ],
        "_territories": [
          "DE"
        ]
      },
      "tru": {
        "_scripts": [
          "Latn"
        ]
      },
      "tru-alt-secondary": {
        "_scripts": [
          "Syrc"
        ]
      },
      "trv": {
        "_scripts": [
          "Latn"
        ]
      },
      "ts": {
        "_scripts": [
          "Latn"
        ]
      },
      "ts-alt-secondary": {
        "_territories": [
          "MZ",
          "ZA"
        ]
      },
      "tsd": {
        "_scripts": [
          "Grek"
        ]
      },
      "tsf": {
        "_scripts": [
          "Deva"
        ]
      },
      "tsg": {
        "_scripts": [
          "Latn"
        ]
      },
      "tsg-alt-secondary": {
        "_territories": [
          "PH"
        ]
      },
      "tsi": {
        "_scripts": [
          "Latn"
        ]
      },
      "tsj": {
        "_scripts": [
          "Tibt"
        ]
      },
      "tt": {
        "_scripts": [
          "Cyrl"
        ]
      },
      "tt-alt-secondary": {
        "_territories": [
          "RU"
        ]
      },
      "ttj": {
        "_scripts": [
          "Latn"
        ]
      },
      "tts": {
        "_scripts": [
          "Thai"
        ]
      },
      "tts-alt-secondary": {
        "_territories": [
          "TH"
        ]
      },
      "ttt": {
        "_scripts": [
          "Cyrl",
          "Latn"
        ]
      },
      "ttt-alt-secondary": {
        "_scripts": [
          "Arab"
        ]
      },
      "tum": {
        "_scripts": [
          "Latn"
        ]
      },
      "tum-alt-secondary": {
        "_territories": [
          "MW"
        ]
      },
      "tvl": {
        "_scripts": [
          "Latn"
        ],
        "_territories": [
          "TV"
        ]
      },
      "twq": {
        "_scripts": [
          "Latn"
        ]
      },
      "ty": {
        "_scripts": [
          "Latn"
        ],
        "_territories": [
          "PF"
        ]
      },
      "tyv": {
        "_scripts": [
          "Cyrl"
        ]
      },
      "tyv-alt-secondary": {
        "_territories": [
          "RU"
        ]
      },
      "tzm": {
        "_scripts": [
          "Latn",
          "Tfng"
        ],
        "_territories": [
          "MA"
        ]
      },
      "ude": {
        "_scripts": [
          "Cyrl"
        ]
      },
      "udm": {
        "_scripts": [
          "Cyrl"
        ]
      },
      "udm-alt-secondary": {
        "_scripts": [
          "Latn"
        ],
        "_territories": [
          "RU"
        ]
      },
      "ug": {
        "_scripts": [
          "Arab",
          "Cyrl"
        ]
      },
      "ug-alt-secondary": {
        "_scripts": [
          "Latn"
        ],
        "_territories": [
          "CN"
        ]
      },
      "uga-alt-secondary": {
        "_scripts": [
          "Ugar"
        ]
      },
      "uk": {
        "_scripts": [
          "Cyrl"
        ],
        "_territories": [
          "UA"
        ]
      },
      "uk-alt-secondary": {
        "_territories": [
          "RS"
        ]
      },
      "uli": {
        "_scripts": [
          "Latn"
        ]
      },
      "umb": {
        "_scripts": [
          "Latn"
        ]
      },
      "umb-alt-secondary": {
        "_territories": [
          "AO"
        ]
      },
      "und-alt-secondary": {
        "_territories": [
          "AQ",
          "BV",
          "CP",
          "GS",
          "HM"
        ]
      },
      "unr": {
        "_scripts": [
          "Beng",
          "Deva"
        ]
      },
      "unr-alt-secondary": {
        "_territories": [
          "IN"
        ]
      },
      "unx": {
        "_scripts": [
          "Beng",
          "Deva"
        ]
      },
      "ur": {
        "_scripts": [
          "Arab"
        ],
        "_territories": [
          "PK"
        ]
      },
      "ur-alt-secondary": {
        "_territories": [
          "IN"
        ]
      },
      "uz": {
        "_scripts": [
          "Arab",
          "Cyrl",
          "Latn"
        ],
        "_territories": [
          "UZ"
        ]
      },
      "uz-alt-secondary": {
        "_territories": [
          "AF"
        ]
      },
      "vai": {
        "_scripts": [
          "Latn",
          "Vaii"
        ]
      },
      "ve": {
        "_scripts": [
          "Latn"
        ]
      },
      "ve-alt-secondary": {
        "_territories": [
          "ZA"
        ]
      },
      "vec": {
        "_scripts": [
          "Latn"
        ]
      },
      "vep": {
        "_scripts": [
          "Latn"
        ]
      },
      "vi": {
        "_scripts": [
          "Latn"
        ],
        "_territories": [
          "VN"
        ]
      },
      "vi-alt-secondary": {
        "_scripts": [
          "Hani"
        ],
        "_territories": [
          "US"
        ]
      },
      "vic": {
        "_scripts": [
          "Latn"
        ]
      },
      "vls": {
        "_scripts": [
          "Latn"
        ]
      },
      "vls-alt-secondary": {
        "_territories": [
          "BE"
        ]
      },
      "vmf": {
        "_scripts": [
          "Latn"
        ]
      },
      "vmf-alt-secondary": {
        "_territories": [
          "DE"
        ]
      },
      "vmw": {
        "_scripts": [
          "Latn"
        ]
      },
      "vmw-alt-secondary": {
        "_territories": [
          "MZ"
        ]
      },
      "vo-alt-secondary": {
        "_scripts": [
          "Latn"
        ]
      },
      "vot-alt-secondary": {
        "_scripts": [
          "Latn"
        ]
      },
      "vro": {
        "_scripts": [
          "Latn"
        ]
      },
      "vun": {
        "_scripts": [
          "Latn"
        ]
      },
      "wa": {
        "_scripts": [
          "Latn"
        ]
      },
      "wae": {
        "_scripts": [
          "Latn"
        ]
      },
      "wal": {
        "_scripts": [
          "Ethi"
        ]
      },
      "wal-alt-secondary": {
        "_territories": [
          "ET"
        ]
      },
      "war": {
        "_scripts": [
          "Latn"
        ]
      },
      "war-alt-secondary": {
        "_territories": [
          "PH"
        ]
      },
      "was": {
        "_scripts": [
          "Latn"
        ]
      },
      "wbp": {
        "_scripts": [
          "Latn"
        ]
      },
      "wbq": {
        "_scripts": [
          "Telu"
        ]
      },
      "wbq-alt-secondary": {
        "_territories": [
          "IN"
        ]
      },
      "wbr": {
        "_scripts": [
          "Deva"
        ]
      },
      "wbr-alt-secondary": {
        "_territories": [
          "IN"
        ]
      },
      "wls": {
        "_scripts": [
          "Latn"
        ]
      },
      "wls-alt-secondary": {
        "_territories": [
          "WF"
        ]
      },
      "wo": {
        "_scripts": [
          "Latn"
        ],
        "_territories": [
          "SN"
        ]
      },
      "wo-alt-secondary": {
        "_scripts": [
          "Arab"
        ]
      },
      "wtm": {
        "_scripts": [
          "Deva"
        ]
      },
      "wtm-alt-secondary": {
        "_territories": [
          "IN"
        ]
      },
      "wuu": {
        "_scripts": [
          "Hans"
        ]
      },
      "wuu-alt-secondary": {
        "_territories": [
          "CN"
        ]
      },
      "xal": {
        "_scripts": [
          "Cyrl"
        ]
      },
      "xav": {
        "_scripts": [
          "Latn"
        ]
      },
      "xcr-alt-secondary": {
        "_scripts": [
          "Cari"
        ]
      },
      "xh": {
        "_scripts": [
          "Latn"
        ]
      },
      "xh-alt-secondary": {
        "_territories": [
          "ZA"
        ]
      },
      "xlc-alt-secondary": {
        "_scripts": [
          "Lyci"
        ]
      },
      "xld-alt-secondary": {
        "_scripts": [
          "Lydi"
        ]
      },
      "xmf": {
        "_scripts": [
          "Geor"
        ]
      },
      "xmn-alt-secondary": {
        "_scripts": [
          "Mani"
        ]
      },
      "xmr-alt-secondary": {
        "_scripts": [
          "Merc"
        ]
      },
      "xna-alt-secondary": {
        "_scripts": [
          "Narb"
        ]
      },
      "xnr": {
        "_scripts": [
          "Deva"
        ]
      },
      "xnr-alt-secondary": {
        "_territories": [
          "IN"
        ]
      },
      "xog": {
        "_scripts": [
          "Latn"
        ]
      },
      "xog-alt-secondary": {
        "_territories": [
          "UG"
        ]
      },
      "xpr-alt-secondary": {
        "_scripts": [
          "Prti"
        ]
      },
      "xsa-alt-secondary": {
        "_scripts": [
          "Sarb"
        ]
      },
      "xsr": {
        "_scripts": [
          "Deva"
        ]
      },
      "xum-alt-secondary": {
        "_scripts": [
          "Ital",
          "Latn"
        ]
      },
      "yao": {
        "_scripts": [
          "Latn"
        ]
      },
      "yap": {
        "_scripts": [
          "Latn"
        ]
      },
      "yav": {
        "_scripts": [
          "Latn"
        ]
      },
      "ybb": {
        "_scripts": [
          "Latn"
        ]
      },
      "yi": {
        "_scripts": [
          "Hebr"
        ]
      },
      "yo": {
        "_scripts": [
          "Latn"
        ],
        "_territories": [
          "NG"
        ]
      },
      "yrk": {
        "_scripts": [
          "Cyrl"
        ]
      },
      "yrl": {
        "_scripts": [
          "Latn"
        ]
      },
      "yua": {
        "_scripts": [
          "Latn"
        ]
      },
      "yue": {
        "_scripts": [
          "Hans"
        ]
      },
      "za": {
        "_scripts": [
          "Latn"
        ]
      },
      "za-alt-secondary": {
        "_scripts": [
          "Hans"
        ],
        "_territories": [
          "CN"
        ]
      },
      "zap": {
        "_scripts": [
          "Latn"
        ]
      },
      "zdj": {
        "_scripts": [
          "Arab"
        ],
        "_territories": [
          "KM"
        ]
      },
      "zea": {
        "_scripts": [
          "Latn"
        ]
      },
      "zen-alt-secondary": {
        "_scripts": [
          "Tfng"
        ]
      },
      "zgh": {
        "_scripts": [
          "Tfng"
        ]
      },
      "zgh-alt-secondary": {
        "_territories": [
          "MA"
        ]
      },
      "zh": {
        "_scripts": [
          "Hans",
          "Hant"
        ],
        "_territories": [
          "CN",
          "HK",
          "MO",
          "SG",
          "TW"
        ]
      },
      "zh-alt-secondary": {
        "_scripts": [
          "Bopo",
          "Phag"
        ],
        "_territories": [
          "ID",
          "MY",
          "TH",
          "US"
        ]
      },
      "zmi": {
        "_scripts": [
          "Latn"
        ]
      },
      "zu": {
        "_scripts": [
          "Latn"
        ]
      },
      "zu-alt-secondary": {
        "_territories": [
          "ZA"
        ]
      },
      "zun": {
        "_scripts": [
          "Latn"
        ]
      },
      "zza": {
        "_scripts": [
          "Latn"
        ]
      },
      "zza-alt-secondary": {
        "_territories": [
          "TR"
        ]
      }
    }
  }
}
