{
  "supplemental": {
    "version": {
      "_unicodeVersion": "7.0.0",
      "_number": "$Revision: 9732 $"
    },
    "generation": {
      "_date": "$Date: 2014-02-13 11:57:02 -0600 (Thu, 13 Feb 2014) $"
    },
    "numberingSystems": {
      "arab": {
        "_digits": "٠١٢٣٤٥٦٧٨٩",
        "_type": "numeric"
      },
      "arabext": {
        "_digits": "۰۱۲۳۴۵۶۷۸۹",
        "_type": "numeric"
      },
      "bali": {
        "_digits": "᭐᭑᭒᭓᭔᭕᭖᭗᭘᭙",
        "_type": "numeric"
      },
      "beng": {
        "_digits": "০১২৩৪৫৬৭৮৯",
        "_type": "numeric"
      },
      "cham": {
        "_digits": "꩐꩑꩒꩓꩔꩕꩖꩗꩘꩙",
        "_type": "numeric"
      },
      "deva": {
        "_digits": "०१२३४५६७८९",
        "_type": "numeric"
      },
      "fullwide": {
        "_digits": "０１２３４５６７８９",
        "_type": "numeric"
      },
      "gujr": {
        "_digits": "૦૧૨૩૪૫૬૭૮૯",
        "_type": "numeric"
      },
      "guru": {
        "_digits": "੦੧੨੩੪੫੬੭੮੯",
        "_type": "numeric"
      },
      "hanidec": {
        "_digits": "〇一二三四五六七八九",
        "_type": "numeric"
      },
      "java": {
        "_digits": "꧐꧑꧒꧓꧔꧕꧖꧗꧘꧙",
        "_type": "numeric"
      },
      "kali": {
        "_digits": "꤀꤁꤂꤃꤄꤅꤆꤇꤈꤉",
        "_type": "numeric"
      },
      "khmr": {
        "_digits": "០១២៣៤៥៦៧៨៩",
        "_type": "numeric"
      },
      "knda": {
        "_digits": "೦೧೨೩೪೫೬೭೮೯",
        "_type": "numeric"
      },
      "lana": {
        "_digits": "᪀᪁᪂᪃᪄᪅᪆᪇᪈᪉",
        "_type": "numeric"
      },
      "lanatham": {
        "_digits": "᪐᪑᪒᪓᪔᪕᪖᪗᪘᪙",
        "_type": "numeric"
      },
      "laoo": {
        "_digits": "໐໑໒໓໔໕໖໗໘໙",
        "_type": "numeric"
      },
      "latn": {
        "_digits": "0123456789",
        "_type": "numeric"
      },
      "lepc": {
        "_digits": "᱀᱁᱂᱃᱄᱅᱆᱇᱈᱉",
        "_type": "numeric"
      },
      "limb": {
        "_digits": "᥆᥇᥈᥉᥊᥋᥌᥍᥎᥏",
        "_type": "numeric"
      },
      "mlym": {
        "_digits": "൦൧൨൩൪൫൬൭൮൯",
        "_type": "numeric"
      },
      "mong": {
        "_digits": "᠐᠑᠒᠓᠔᠕᠖᠗᠘᠙",
        "_type": "numeric"
      },
      "mtei": {
        "_digits": "꯰꯱꯲꯳꯴꯵꯶꯷꯸꯹",
        "_type": "numeric"
      },
      "mymr": {
        "_digits": "၀၁၂၃၄၅၆၇၈၉",
        "_type": "numeric"
      },
      "mymrshan": {
        "_digits": "႐႑႒႓႔႕႖႗႘႙",
        "_type": "numeric"
      },
      "nkoo": {
        "_digits": "߀߁߂߃߄߅߆߇߈߉",
        "_type": "numeric"
      },
      "olck": {
        "_digits": "᱐᱑᱒᱓᱔᱕᱖᱗᱘᱙",
        "_type": "numeric"
      },
      "orya": {
        "_digits": "୦୧୨୩୪୫୬୭୮୯",
        "_type": "numeric"
      },
      "saur": {
        "_digits": "꣐꣑꣒꣓꣔꣕꣖꣗꣘꣙",
        "_type": "numeric"
      },
      "sund": {
        "_digits": "᮰᮱᮲᮳᮴᮵᮶᮷᮸᮹",
        "_type": "numeric"
      },
      "talu": {
        "_digits": "᧐᧑᧒᧓᧔᧕᧖᧗᧘᧙",
        "_type": "numeric"
      },
      "tamldec": {
        "_digits": "௦௧௨௩௪௫௬௭௮௯",
        "_type": "numeric"
      },
      "telu": {
        "_digits": "౦౧౨౩౪౫౬౭౮౯",
        "_type": "numeric"
      },
      "thai": {
        "_digits": "๐๑๒๓๔๕๖๗๘๙",
        "_type": "numeric"
      },
      "tibt": {
        "_digits": "༠༡༢༣༤༥༦༧༨༩",
        "_type": "numeric"
      },
      "vaii": {
        "_digits": "꘠꘡꘢꘣꘤꘥꘦꘧꘨꘩",
        "_type": "numeric"
      },
      "armn": {
        "_type": "algorithmic",
        "_rules": "armenian-upper"
      },
      "armnlow": {
        "_type": "algorithmic",
        "_rules": "armenian-lower"
      },
      "ethi": {
        "_type": "algorithmic",
        "_rules": "ethiopic"
      },
      "geor": {
        "_type": "algorithmic",
        "_rules": "georgian"
      },
      "grek": {
        "_type": "algorithmic",
        "_rules": "greek-upper"
      },
      "greklow": {
        "_type": "algorithmic",
        "_rules": "greek-lower"
      },
      "hanidays": {
        "_type": "algorithmic",
        "_rules": "zh/SpelloutRules/spellout-numbering-days"
      },
      "hans": {
        "_type": "algorithmic",
        "_rules": "zh/SpelloutRules/spellout-cardinal"
      },
      "hansfin": {
        "_type": "algorithmic",
        "_rules": "zh/SpelloutRules/spellout-cardinal-financial"
      },
      "hant": {
        "_type": "algorithmic",
        "_rules": "zh_Hant/SpelloutRules/spellout-cardinal"
      },
      "hantfin": {
        "_type": "algorithmic",
        "_rules": "zh_Hant/SpelloutRules/spellout-cardinal-financial"
      },
      "hebr": {
        "_type": "algorithmic",
        "_rules": "hebrew"
      },
      "jpan": {
        "_type": "algorithmic",
        "_rules": "ja/SpelloutRules/spellout-cardinal"
      },
      "jpanfin": {
        "_type": "algorithmic",
        "_rules": "ja/SpelloutRules/spellout-cardinal-financial"
      },
      "roman": {
        "_type": "algorithmic",
        "_rules": "roman-upper"
      },
      "romanlow": {
        "_type": "algorithmic",
        "_rules": "roman-lower"
      },
      "taml": {
        "_type": "algorithmic",
        "_rules": "tamil"
      }
    }
  }
}
