{
  "supplemental": {
    "version": {
      "_unicodeVersion": "7.0.0",
      "_number": "$Revision: 11162 $"
    },
    "generation": {
      "_date": "$Date: 2015-02-03 17:45:30 -0600 (Tue, 03 Feb 2015) $"
    },
    "primaryZones": {
      "CL": "America/Santiago",
      "CN": "Asia/Shanghai",
      "DE": "Europe/Berlin",
      "EC": "America/Guayaquil",
      "ES": "Europe/Madrid",
      "MH": "Pacific/Majuro",
      "MY": "Asia/Kuala_Lumpur",
      "NZ": "Pacific/Auckland",
      "PT": "Europe/Lisbon",
      "UA": "Europe/Kiev",
      "UZ": "Asia/Tashkent"
    }
  }
}
