{
  "main": {
    "en-BB": {
      "identity": {
        "version": {
          "_cldrVersion": "27",
          "_number": "$Revision: 10669 $"
        },
        "generation": {
          "_date": "$Date: 2014-07-23 16:10:33 -0500 (Wed, 23 Jul 2014) $"
        },
        "language": "en",
        "territory": "001"
      },
      "numbers": {
        "defaultNumberingSystem": "latn",
        "otherNumberingSystems": {
          "native": "latn"
        },
        "minimumGroupingDigits": "1",
        "symbols-numberSystem-latn": {
          "decimal": ".",
          "group": ",",
          "list": ";",
          "percentSign": "%",
          "plusSign": "+",
          "minusSign": "-",
          "exponential": "E",
          "superscriptingExponent": "×",
          "perMille": "‰",
          "infinity": "∞",
          "nan": "NaN",
          "timeSeparator": ":"
        },
        "decimalFormats-numberSystem-latn": {
          "standard": "#,##0.###",
          "long": {
            "decimalFormat": {
              "1000-count-one": "0 thousand",
              "1000-count-other": "0 thousand",
              "10000-count-one": "00 thousand",
              "10000-count-other": "00 thousand",
              "100000-count-one": "000 thousand",
              "100000-count-other": "000 thousand",
              "1000000-count-one": "0 million",
              "1000000-count-other": "0 million",
              "10000000-count-one": "00 million",
              "10000000-count-other": "00 million",
              "100000000-count-one": "000 million",
              "100000000-count-other": "000 million",
              "1000000000-count-one": "0 billion",
              "1000000000-count-other": "0 billion",
              "10000000000-count-one": "00 billion",
              "10000000000-count-other": "00 billion",
              "100000000000-count-one": "000 billion",
              "100000000000-count-other": "000 billion",
              "1000000000000-count-one": "0 trillion",
              "1000000000000-count-other": "0 trillion",
              "10000000000000-count-one": "00 trillion",
              "10000000000000-count-other": "00 trillion",
              "100000000000000-count-one": "000 trillion",
              "100000000000000-count-other": "000 trillion"
            }
          },
          "short": {
            "decimalFormat": {
              "1000-count-one": "0K",
              "1000-count-other": "0K",
              "10000-count-one": "00K",
              "10000-count-other": "00K",
              "100000-count-one": "000K",
              "100000-count-other": "000K",
              "1000000-count-one": "0M",
              "1000000-count-other": "0M",
              "10000000-count-one": "00M",
              "10000000-count-other": "00M",
              "100000000-count-one": "000M",
              "100000000-count-other": "000M",
              "1000000000-count-one": "0B",
              "1000000000-count-other": "0B",
              "10000000000-count-one": "00B",
              "10000000000-count-other": "00B",
              "100000000000-count-one": "000B",
              "100000000000-count-other": "000B",
              "1000000000000-count-one": "0T",
              "1000000000000-count-other": "0T",
              "10000000000000-count-one": "00T",
              "10000000000000-count-other": "00T",
              "100000000000000-count-one": "000T",
              "100000000000000-count-other": "000T"
            }
          }
        },
        "scientificFormats-numberSystem-latn": {
          "standard": "#E0"
        },
        "percentFormats-numberSystem-latn": {
          "standard": "#,##0%"
        },
        "currencyFormats-numberSystem-latn": {
          "currencySpacing": {
            "beforeCurrency": {
              "currencyMatch": "[:^S:]",
              "surroundingMatch": "[:digit:]",
              "insertBetween": " "
            },
            "afterCurrency": {
              "currencyMatch": "[:^S:]",
              "surroundingMatch": "[:digit:]",
              "insertBetween": " "
            }
          },
          "accounting": "¤#,##0.00;(¤#,##0.00)",
          "standard": "¤#,##0.00",
          "unitPattern-count-one": "{0} {1}",
          "unitPattern-count-other": "{0} {1}"
        },
        "miscPatterns-numberSystem-latn": {
          "atLeast": "{0}+",
          "range": "{0}–{1}"
        }
      }
    }
  }
}
