{
  "main": {
    "af-NA": {
      "identity": {
        "version": {
          "_cldrVersion": "27",
          "_number": "$Revision: 11168 $"
        },
        "generation": {
          "_date": "$Date: 2015-02-06 17:46:28 -0600 (Fri, 06 Feb 2015) $"
        },
        "language": "af",
        "territory": "NA"
      },
      "numbers": {
        "defaultNumberingSystem": "latn",
        "otherNumberingSystems": {
          "native": "latn"
        },
        "minimumGroupingDigits": "1",
        "symbols-numberSystem-latn": {
          "decimal": ",",
          "group": " ",
          "list": ";",
          "percentSign": "%",
          "plusSign": "+",
          "minusSign": "-",
          "exponential": "E",
          "superscriptingExponent": "×",
          "perMille": "‰",
          "infinity": "∞",
          "nan": "NaN",
          "timeSeparator": ":"
        },
        "decimalFormats-numberSystem-latn": {
          "standard": "#,##0.###",
          "long": {
            "decimalFormat": {
              "1000-count-one": "0 duisend",
              "1000-count-other": "0 duisend",
              "10000-count-one": "00 duisend",
              "10000-count-other": "00 duisend",
              "100000-count-one": "000 duisend",
              "100000-count-other": "000 duisend",
              "1000000-count-one": "0 miljoen",
              "1000000-count-other": "0 miljoen",
              "10000000-count-one": "00 miljoen",
              "10000000-count-other": "00 miljoen",
              "100000000-count-one": "000 miljoen",
              "100000000-count-other": "000 miljoen",
              "1000000000-count-one": "0 miljard",
              "1000000000-count-other": "0 miljard",
              "10000000000-count-one": "00 miljard",
              "10000000000-count-other": "00 miljard",
              "100000000000-count-one": "000 miljard",
              "100000000000-count-other": "000 miljard",
              "1000000000000-count-one": "0 biljoen",
              "1000000000000-count-other": "0 biljoen",
              "10000000000000-count-one": "00 biljoen",
              "10000000000000-count-other": "00 biljoen",
              "100000000000000-count-one": "000 biljoen",
              "100000000000000-count-other": "000 biljoen"
            }
          },
          "short": {
            "decimalFormat": {
              "1000-count-one": "0",
              "1000-count-other": "0",
              "10000-count-one": "0",
              "10000-count-other": "0",
              "100000-count-one": "0",
              "100000-count-other": "0",
              "1000000-count-one": "0 m",
              "1000000-count-other": "0 m",
              "10000000-count-one": "00 m",
              "10000000-count-other": "00 m",
              "100000000-count-one": "000 m",
              "100000000-count-other": "000 m",
              "1000000000-count-one": "0 mjd",
              "1000000000-count-other": "0 mjd",
              "10000000000-count-one": "00 mjd",
              "10000000000-count-other": "00 mjd",
              "100000000000-count-one": "000 mjd",
              "100000000000-count-other": "000 mjd",
              "1000000000000-count-one": "0 bn",
              "1000000000000-count-other": "0 bn",
              "10000000000000-count-one": "00 bn",
              "10000000000000-count-other": "00 bn",
              "100000000000000-count-one": "000 bn",
              "100000000000000-count-other": "000 bn"
            }
          }
        },
        "scientificFormats-numberSystem-latn": {
          "standard": "#E0"
        },
        "percentFormats-numberSystem-latn": {
          "standard": "#,##0%"
        },
        "currencyFormats-numberSystem-latn": {
          "currencySpacing": {
            "beforeCurrency": {
              "currencyMatch": "[:^S:]",
              "surroundingMatch": "[:digit:]",
              "insertBetween": " "
            },
            "afterCurrency": {
              "currencyMatch": "[:^S:]",
              "surroundingMatch": "[:digit:]",
              "insertBetween": " "
            }
          },
          "accounting": "¤#,##0.00;(¤#,##0.00)",
          "standard": "¤#,##0.00",
          "unitPattern-count-one": "{0} {1}",
          "unitPattern-count-other": "{0} {1}"
        },
        "miscPatterns-numberSystem-latn": {
          "atLeast": "{0}+",
          "range": "{0}–{1}"
        }
      }
    }
  }
}
