{
  "main": {
    "es-GT": {
      "identity": {
        "version": {
          "_cldrVersion": "27",
          "_number": "$Revision: 11323 $"
        },
        "generation": {
          "_date": "$Date: 2015-02-26 15:25:28 -0600 (Thu, 26 Feb 2015) $"
        },
        "language": "es",
        "territory": "419"
      },
      "numbers": {
        "defaultNumberingSystem": "latn",
        "otherNumberingSystems": {
          "native": "latn"
        },
        "minimumGroupingDigits": "1",
        "symbols-numberSystem-latn": {
          "decimal": ".",
          "group": ",",
          "list": ";",
          "percentSign": "%",
          "plusSign": "+",
          "minusSign": "-",
          "exponential": "E",
          "superscriptingExponent": "×",
          "perMille": "‰",
          "infinity": "∞",
          "nan": "NaN",
          "timeSeparator": ":"
        },
        "decimalFormats-numberSystem-latn": {
          "standard": "#,##0.###",
          "long": {
            "decimalFormat": {
              "1000-count-one": "0 mil",
              "1000-count-other": "0 mil",
              "10000-count-one": "00 mil",
              "10000-count-other": "00 mil",
              "100000-count-one": "000 mil",
              "100000-count-other": "000 mil",
              "1000000-count-one": "0 millón",
              "1000000-count-other": "0 millones",
              "10000000-count-one": "00 millones",
              "10000000-count-other": "00 millones",
              "100000000-count-one": "000 millones",
              "100000000-count-other": "000 millones",
              "1000000000-count-one": "0 mil millones",
              "1000000000-count-other": "0 mil millones",
              "10000000000-count-one": "00 mil millones",
              "10000000000-count-other": "00 mil millones",
              "100000000000-count-one": "000 mil millones",
              "100000000000-count-other": "000 mil millones",
              "1000000000000-count-one": "0 billón",
              "1000000000000-count-other": "0 billones",
              "10000000000000-count-one": "00 billones",
              "10000000000000-count-other": "00 billones",
              "100000000000000-count-one": "000 billones",
              "100000000000000-count-other": "000 billones"
            }
          },
          "short": {
            "decimalFormat": {
              "1000-count-one": "0",
              "1000-count-other": "0",
              "10000-count-one": "00k",
              "10000-count-other": "00k",
              "100000-count-one": "000k",
              "100000-count-other": "000k",
              "1000000-count-one": "0 M",
              "1000000-count-other": "0 M",
              "10000000-count-one": "00 M",
              "10000000-count-other": "00 M",
              "100000000-count-one": "000 M",
              "100000000-count-other": "000 M",
              "1000000000-count-one": "0k M",
              "1000000000-count-other": "0k M",
              "10000000000-count-one": "00k M",
              "10000000000-count-other": "00k M",
              "100000000000-count-one": "000k M",
              "100000000000-count-other": "000k M",
              "1000000000000-count-one": "0 B",
              "1000000000000-count-other": "0 B",
              "10000000000000-count-one": "00 B",
              "10000000000000-count-other": "00 B",
              "100000000000000-count-one": "000 B",
              "100000000000000-count-other": "000 B"
            }
          }
        },
        "scientificFormats-numberSystem-latn": {
          "standard": "#E0"
        },
        "percentFormats-numberSystem-latn": {
          "standard": "#,##0 %"
        },
        "currencyFormats-numberSystem-latn": {
          "currencySpacing": {
            "beforeCurrency": {
              "currencyMatch": "[:^S:]",
              "surroundingMatch": "[:digit:]",
              "insertBetween": " "
            },
            "afterCurrency": {
              "currencyMatch": "[:^S:]",
              "surroundingMatch": "[:digit:]",
              "insertBetween": " "
            }
          },
          "accounting": "¤#,##0.00",
          "standard": "¤#,##0.00",
          "unitPattern-count-one": "{0} {1}",
          "unitPattern-count-other": "{0} {1}"
        },
        "miscPatterns-numberSystem-latn": {
          "atLeast": "Más de {0}",
          "range": "{0}-{1}"
        }
      }
    }
  }
}
