{
  "main": {
    "ko-KP": {
      "identity": {
        "version": {
          "_cldrVersion": "27",
          "_number": "$Revision: 10669 $"
        },
        "generation": {
          "_date": "$Date: 2014-07-23 16:10:33 -0500 (Wed, 23 Jul 2014) $"
        },
        "language": "ko",
        "territory": "KP"
      },
      "numbers": {
        "defaultNumberingSystem": "latn",
        "otherNumberingSystems": {
          "native": "latn"
        },
        "minimumGroupingDigits": "1",
        "symbols-numberSystem-latn": {
          "decimal": ".",
          "group": ",",
          "list": ";",
          "percentSign": "%",
          "plusSign": "+",
          "minusSign": "-",
          "exponential": "E",
          "superscriptingExponent": "×",
          "perMille": "‰",
          "infinity": "∞",
          "nan": "NaN",
          "timeSeparator": ":"
        },
        "decimalFormats-numberSystem-latn": {
          "standard": "#,##0.###",
          "long": {
            "decimalFormat": {
              "1000-count-other": "0000",
              "10000-count-other": "0만",
              "100000-count-other": "00만",
              "1000000-count-other": "000만",
              "10000000-count-other": "0000만",
              "100000000-count-other": "0억",
              "1000000000-count-other": "00억",
              "10000000000-count-other": "000억",
              "100000000000-count-other": "0000억",
              "1000000000000-count-other": "0조",
              "10000000000000-count-other": "00조",
              "100000000000000-count-other": "000조"
            }
          },
          "short": {
            "decimalFormat": {
              "1000-count-other": "0000",
              "10000-count-other": "0만",
              "100000-count-other": "00만",
              "1000000-count-other": "000만",
              "10000000-count-other": "0000만",
              "100000000-count-other": "0억",
              "1000000000-count-other": "00억",
              "10000000000-count-other": "000억",
              "100000000000-count-other": "0000억",
              "1000000000000-count-other": "0조",
              "10000000000000-count-other": "00조",
              "100000000000000-count-other": "000조"
            }
          }
        },
        "scientificFormats-numberSystem-latn": {
          "standard": "#E0"
        },
        "percentFormats-numberSystem-latn": {
          "standard": "#,##0%"
        },
        "currencyFormats-numberSystem-latn": {
          "currencySpacing": {
            "beforeCurrency": {
              "currencyMatch": "[:^S:]",
              "surroundingMatch": "[:digit:]",
              "insertBetween": " "
            },
            "afterCurrency": {
              "currencyMatch": "[:^S:]",
              "surroundingMatch": "[:digit:]",
              "insertBetween": " "
            }
          },
          "accounting": "¤#,##0.00;(¤#,##0.00)",
          "standard": "¤#,##0.00",
          "unitPattern-count-other": "{0}{1}"
        },
        "miscPatterns-numberSystem-latn": {
          "atLeast": "{0}+",
          "range": "{0}-{1}"
        }
      }
    }
  }
}
