{
  "main": {
    "gu": {
      "identity": {
        "version": {
          "_cldrVersion": "27",
          "_number": "$Revision: 11294 $"
        },
        "generation": {
          "_date": "$Date: 2015-02-23 16:50:24 -0600 (Mon, 23 Feb 2015) $"
        },
        "language": "gu"
      },
      "numbers": {
        "defaultNumberingSystem": "latn",
        "otherNumberingSystems": {
          "native": "gujr"
        },
        "minimumGroupingDigits": "1",
        "symbols-numberSystem-gujr": {
          "decimal": ".",
          "group": ",",
          "list": ";",
          "percentSign": "%",
          "plusSign": "+",
          "minusSign": "-",
          "exponential": "E",
          "superscriptingExponent": "×",
          "perMille": "‰",
          "infinity": "∞",
          "nan": "NaN",
          "timeSeparator": ":"
        },
        "symbols-numberSystem-latn": {
          "decimal": ".",
          "group": ",",
          "list": ";",
          "percentSign": "%",
          "plusSign": "+",
          "minusSign": "-",
          "exponential": "E",
          "superscriptingExponent": "×",
          "perMille": "‰",
          "infinity": "∞",
          "nan": "NaN",
          "timeSeparator": ":"
        },
        "decimalFormats-numberSystem-gujr": {
          "standard": "#,##,##0.###",
          "long": {
            "decimalFormat": {
              "1000-count-one": "0 હજાર",
              "1000-count-other": "0 હજાર",
              "10000-count-one": "00 હજાર",
              "10000-count-other": "00 હજાર",
              "100000-count-one": "0 લાખ",
              "100000-count-other": "0 લાખ",
              "1000000-count-one": "00 લાખ",
              "1000000-count-other": "00 લાખ",
              "10000000-count-one": "0 કરોડ",
              "10000000-count-other": "0 કરોડ",
              "100000000-count-one": "00 કરોડ",
              "100000000-count-other": "00 કરોડ",
              "1000000000-count-one": "0 અબજ",
              "1000000000-count-other": "0 અબજ",
              "10000000000-count-one": "00 અબજ",
              "10000000000-count-other": "00 અબજ",
              "100000000000-count-one": "0 નિખર્વ",
              "100000000000-count-other": "0 નિખર્વ",
              "1000000000000-count-one": "0 મહાપદ્મ",
              "1000000000000-count-other": "0 મહાપદ્મ",
              "10000000000000-count-one": "0 શંકુ",
              "10000000000000-count-other": "0 શંકુ",
              "100000000000000-count-one": "0 જલધિ",
              "100000000000000-count-other": "0 જલધિ"
            }
          },
          "short": {
            "decimalFormat": {
              "1000-count-one": "0 હજાર",
              "1000-count-other": "0 હજાર",
              "10000-count-one": "00 હજાર",
              "10000-count-other": "00 હજાર",
              "100000-count-one": "0 લાખ",
              "100000-count-other": "0 લાખ",
              "1000000-count-one": "00 લાખ",
              "1000000-count-other": "00 લાખ",
              "10000000-count-one": "0 કરોડ",
              "10000000-count-other": "0 કરોડ",
              "100000000-count-one": "00 કરોડ",
              "100000000-count-other": "00 કરોડ",
              "1000000000-count-one": "0 અબજ",
              "1000000000-count-other": "0 અબજ",
              "10000000000-count-one": "00 અબજ",
              "10000000000-count-other": "00 અબજ",
              "100000000000-count-one": "0 નિખર્વ",
              "100000000000-count-other": "0 નિખર્વ",
              "1000000000000-count-one": "0 મહાપદ્મ",
              "1000000000000-count-other": "0 મહાપદ્મ",
              "10000000000000-count-one": "0 શંકુ",
              "10000000000000-count-other": "0 શંકુ",
              "100000000000000-count-one": "0 જલધિ",
              "100000000000000-count-other": "0 જલધિ"
            }
          }
        },
        "decimalFormats-numberSystem-latn": {
          "standard": "#,##,##0.###",
          "long": {
            "decimalFormat": {
              "1000-count-one": "0 હજાર",
              "1000-count-other": "0 હજાર",
              "10000-count-one": "00 હજાર",
              "10000-count-other": "00 હજાર",
              "100000-count-one": "0 લાખ",
              "100000-count-other": "0 લાખ",
              "1000000-count-one": "00 લાખ",
              "1000000-count-other": "00 લાખ",
              "10000000-count-one": "0 કરોડ",
              "10000000-count-other": "0 કરોડ",
              "100000000-count-one": "00 કરોડ",
              "100000000-count-other": "00 કરોડ",
              "1000000000-count-one": "0 અબજ",
              "1000000000-count-other": "0 અબજ",
              "10000000000-count-one": "00 અબજ",
              "10000000000-count-other": "00 અબજ",
              "100000000000-count-one": "0 નિખર્વ",
              "100000000000-count-other": "0 નિખર્વ",
              "1000000000000-count-one": "0 મહાપદ્મ",
              "1000000000000-count-other": "0 મહાપદ્મ",
              "10000000000000-count-one": "0 શંકુ",
              "10000000000000-count-other": "0 શંકુ",
              "100000000000000-count-one": "0 જલધિ",
              "100000000000000-count-other": "0 જલધિ"
            }
          },
          "short": {
            "decimalFormat": {
              "1000-count-one": "0 હજાર",
              "1000-count-other": "0 હજાર",
              "10000-count-one": "00 હજાર",
              "10000-count-other": "00 હજાર",
              "100000-count-one": "0 લાખ",
              "100000-count-other": "0 લાખ",
              "1000000-count-one": "00 લાખ",
              "1000000-count-other": "00 લાખ",
              "10000000-count-one": "0 કરોડ",
              "10000000-count-other": "0 કરોડ",
              "100000000-count-one": "00 કરોડ",
              "100000000-count-other": "00 કરોડ",
              "1000000000-count-one": "0 અબજ",
              "1000000000-count-other": "0 અબજ",
              "10000000000-count-one": "00 અબજ",
              "10000000000-count-other": "00 અબજ",
              "100000000000-count-one": "0 નિખર્વ",
              "100000000000-count-other": "0 નિખર્વ",
              "1000000000000-count-one": "0 મહાપદ્મ",
              "1000000000000-count-other": "0 મહાપદ્મ",
              "10000000000000-count-one": "0 શંકુ",
              "10000000000000-count-other": "0 શંકુ",
              "100000000000000-count-one": "0 જલધિ",
              "100000000000000-count-other": "0 જલધિ"
            }
          }
        },
        "scientificFormats-numberSystem-gujr": {
          "standard": "[#E0]"
        },
        "scientificFormats-numberSystem-latn": {
          "standard": "[#E0]"
        },
        "percentFormats-numberSystem-gujr": {
          "standard": "#,##,##0%"
        },
        "percentFormats-numberSystem-latn": {
          "standard": "#,##,##0%"
        },
        "currencyFormats-numberSystem-gujr": {
          "currencySpacing": {
            "beforeCurrency": {
              "currencyMatch": "[:^S:]",
              "surroundingMatch": "[:digit:]",
              "insertBetween": " "
            },
            "afterCurrency": {
              "currencyMatch": "[:^S:]",
              "surroundingMatch": "[:digit:]",
              "insertBetween": " "
            }
          },
          "accounting": "¤#,##,##0.00;(¤#,##,##0.00)",
          "standard": "¤#,##,##0.00",
          "unitPattern-count-one": "{0} {1}",
          "unitPattern-count-other": "{0} {1}"
        },
        "currencyFormats-numberSystem-latn": {
          "currencySpacing": {
            "beforeCurrency": {
              "currencyMatch": "[:^S:]",
              "surroundingMatch": "[:digit:]",
              "insertBetween": " "
            },
            "afterCurrency": {
              "currencyMatch": "[:^S:]",
              "surroundingMatch": "[:digit:]",
              "insertBetween": " "
            }
          },
          "accounting": "¤#,##,##0.00;(¤#,##,##0.00)",
          "standard": "¤#,##,##0.00",
          "unitPattern-count-one": "{0} {1}",
          "unitPattern-count-other": "{0} {1}"
        },
        "miscPatterns-numberSystem-gujr": {
          "atLeast": "{0}+",
          "range": "{0}-{1}"
        },
        "miscPatterns-numberSystem-latn": {
          "atLeast": "{0}+",
          "range": "{0}-{1}"
        }
      }
    }
  }
}
